2026-08-05 13:25:56 | INFO     | app.db_migrate | Ensured branch_entries schema
2026-08-05 13:25:56 | INFO     | app.db_migrate | Ensured signature_records schema
2026-08-05 13:25:56 | INFO     | app.db_migrate | Ensured verifications schema
2026-08-05 13:25:56 | INFO     | app.db | Database initialized and seeded
2026-08-05 13:25:56 | INFO     | app.services.analysis_queue | Analysis queue worker started
2026-08-05 13:25:56 | INFO     | app.services.email_queue | Verification email queue started
2026-08-05 13:47:37 | INFO     | app.db_migrate | Ensured branch_entries schema
2026-08-05 13:47:37 | INFO     | app.db_migrate | Ensured signature_records schema
2026-08-05 13:47:37 | INFO     | app.db_migrate | Ensured verifications schema
2026-08-05 13:47:37 | INFO     | app.db | Database initialized and seeded
2026-08-05 13:47:37 | INFO     | app.services.analysis_queue | Analysis queue worker started
2026-08-05 13:47:37 | INFO     | app.services.email_queue | Verification email queue started
2026-08-05 13:49:40 | INFO     | app.db_migrate | Ensured branch_entries schema
2026-08-05 13:49:40 | INFO     | app.db_migrate | Ensured signature_records schema
2026-08-05 13:49:40 | INFO     | app.db_migrate | Ensured verifications schema
2026-08-05 13:49:40 | INFO     | app.db | Database initialized and seeded
2026-08-05 13:49:40 | INFO     | app.services.analysis_queue | Analysis queue worker started
2026-08-05 13:49:40 | INFO     | app.services.email_queue | Verification email queue started
2026-08-05 13:51:08 | INFO     | app.db_migrate | Ensured branch_entries schema
2026-08-05 13:51:08 | INFO     | app.db_migrate | Ensured signature_records schema
2026-08-05 13:51:08 | INFO     | app.db_migrate | Ensured verifications schema
2026-08-05 13:51:08 | INFO     | app.db | Database initialized and seeded
2026-08-05 13:51:08 | INFO     | app.services.analysis_queue | Analysis queue worker started
2026-08-05 13:51:08 | INFO     | app.services.email_queue | Verification email queue started
2026-08-05 13:52:05 | WARNING  | app.services.email_service | Unable to conclusively verify recipient m.ali@smhglobal.com.pk at ['smtp.google.com']: temporary or connection failure.
2026-08-05 13:52:55 | WARNING  | app.services.email_service | Unable to conclusively verify recipient m.ali@smhglobal.com.pk at ['smtp.google.com']: temporary or connection failure.
2026-08-05 13:52:55 | INFO     | app.services.email_queue | Queued verification VER-1f99c9b7fdef4499 for email delivery
2026-08-05 13:53:25 | WARNING  | app.services.email_queue | Verification VER-1f99c9b7fdef4499 failed to send (Connection unexpectedly closed: timed out). Retrying 1/3.
2026-08-05 13:53:33 | INFO     | app.services.email_queue | Queued verification VER-1f99c9b7fdef4499 for email delivery
2026-08-05 13:54:03 | WARNING  | app.services.email_queue | Verification VER-1f99c9b7fdef4499 failed to send (Connection unexpectedly closed: timed out). Retrying 2/3.
2026-08-05 13:54:11 | INFO     | app.services.email_queue | Queued verification VER-1f99c9b7fdef4499 for email delivery
2026-08-05 13:54:41 | ERROR    | app.services.email_queue | Verification VER-1f99c9b7fdef4499 canceled after 3 retries: Connection unexpectedly closed: timed out
2026-08-05 13:56:29 | INFO     | app.db_migrate | Ensured branch_entries schema
2026-08-05 13:56:29 | INFO     | app.db_migrate | Ensured signature_records schema
2026-08-05 13:56:29 | INFO     | app.db_migrate | Ensured verifications schema
2026-08-05 13:56:29 | INFO     | app.db | Database initialized and seeded
2026-08-05 13:56:29 | INFO     | app.services.analysis_queue | Analysis queue worker started
2026-08-05 13:56:29 | INFO     | app.services.email_queue | Verification email queue started
2026-08-05 13:56:42 | INFO     | app.db_migrate | Ensured branch_entries schema
2026-08-05 13:56:42 | INFO     | app.db_migrate | Ensured signature_records schema
2026-08-05 13:56:42 | INFO     | app.db_migrate | Ensured verifications schema
2026-08-05 13:56:42 | INFO     | app.db | Database initialized and seeded
2026-08-05 13:56:42 | INFO     | app.services.analysis_queue | Analysis queue worker started
2026-08-05 13:56:42 | INFO     | app.services.email_queue | Verification email queue started
2026-08-05 14:00:43 | INFO     | app.db_migrate | Ensured branch_entries schema
2026-08-05 14:00:43 | INFO     | app.db_migrate | Ensured signature_records schema
2026-08-05 14:00:43 | INFO     | app.db_migrate | Ensured verifications schema
2026-08-05 14:00:43 | INFO     | app.db | Database initialized and seeded
2026-08-05 14:00:43 | INFO     | app.services.analysis_queue | Analysis queue worker started
2026-08-05 14:00:43 | INFO     | app.services.email_queue | Verification email queue started
2026-08-05 14:01:40 | WARNING  | app.services.email_service | Unable to conclusively verify recipient m.ali@smhglobal.com.pk at ['smtp.google.com']: temporary or connection failure.
2026-08-05 14:02:31 | WARNING  | app.services.email_service | Unable to conclusively verify recipient m.ali@smhglobal.com.pk at ['smtp.google.com']: temporary or connection failure.
2026-08-05 14:02:31 | INFO     | app.services.email_queue | Queued verification VER-cb809fbf47214dcb for email delivery
2026-08-05 14:03:01 | ERROR    | app.services.email_service | SMTP send failed for host mail.3em.tech:465
Traceback (most recent call last):
  File "C:\Users\syedh\AppData\Local\Programs\Python\Python311\Lib\smtplib.py", line 398, in getreply
    line = self.file.readline(_MAXLINE + 1)
           ^^^^^^^^^^^^^^^^^^^^^^^^^^^^^^^^
  File "C:\Users\syedh\AppData\Local\Programs\Python\Python311\Lib\socket.py", line 705, in readinto
    return self._sock.recv_into(b)
           ^^^^^^^^^^^^^^^^^^^^^^^
TimeoutError: timed out

During handling of the above exception, another exception occurred:

Traceback (most recent call last):
  File "E:\Document_Scan\app\services\email_service.py", line 270, in send_verification_email
    with smtplib.SMTP(config.SMTP_HOST, config.SMTP_PORT, timeout=config.SMTP_CONNECT_TIMEOUT) as smtp:
         ^^^^^^^^^^^^^^^^^^^^^^^^^^^^^^^^^^^^^^^^^^^^^^^^^^^^^^^^^^^^^^^^^^^^^^^^^^^^^^^^^^^^^
  File "C:\Users\syedh\AppData\Local\Programs\Python\Python311\Lib\smtplib.py", line 255, in __init__
    (code, msg) = self.connect(host, port)
                  ^^^^^^^^^^^^^^^^^^^^^^^^
  File "C:\Users\syedh\AppData\Local\Programs\Python\Python311\Lib\smtplib.py", line 343, in connect
    (code, msg) = self.getreply()
                  ^^^^^^^^^^^^^^^
  File "C:\Users\syedh\AppData\Local\Programs\Python\Python311\Lib\smtplib.py", line 401, in getreply
    raise SMTPServerDisconnected("Connection unexpectedly closed: "
smtplib.SMTPServerDisconnected: Connection unexpectedly closed: timed out
2026-08-05 14:03:01 | WARNING  | app.services.email_queue | Verification VER-cb809fbf47214dcb failed to send (SMTP send failed: Connection unexpectedly closed: timed out). Retrying 1/3 after 2 seconds.
2026-08-05 14:03:03 | INFO     | app.services.email_queue | Queued verification VER-cb809fbf47214dcb for email delivery
2026-08-05 14:03:33 | ERROR    | app.services.email_service | SMTP send failed for host mail.3em.tech:465
Traceback (most recent call last):
  File "C:\Users\syedh\AppData\Local\Programs\Python\Python311\Lib\smtplib.py", line 398, in getreply
    line = self.file.readline(_MAXLINE + 1)
           ^^^^^^^^^^^^^^^^^^^^^^^^^^^^^^^^
  File "C:\Users\syedh\AppData\Local\Programs\Python\Python311\Lib\socket.py", line 705, in readinto
    return self._sock.recv_into(b)
           ^^^^^^^^^^^^^^^^^^^^^^^
TimeoutError: timed out

During handling of the above exception, another exception occurred:

Traceback (most recent call last):
  File "E:\Document_Scan\app\services\email_service.py", line 270, in send_verification_email
    with smtplib.SMTP(config.SMTP_HOST, config.SMTP_PORT, timeout=config.SMTP_CONNECT_TIMEOUT) as smtp:
         ^^^^^^^^^^^^^^^^^^^^^^^^^^^^^^^^^^^^^^^^^^^^^^^^^^^^^^^^^^^^^^^^^^^^^^^^^^^^^^^^^^^^^
  File "C:\Users\syedh\AppData\Local\Programs\Python\Python311\Lib\smtplib.py", line 255, in __init__
    (code, msg) = self.connect(host, port)
                  ^^^^^^^^^^^^^^^^^^^^^^^^
  File "C:\Users\syedh\AppData\Local\Programs\Python\Python311\Lib\smtplib.py", line 343, in connect
    (code, msg) = self.getreply()
                  ^^^^^^^^^^^^^^^
  File "C:\Users\syedh\AppData\Local\Programs\Python\Python311\Lib\smtplib.py", line 401, in getreply
    raise SMTPServerDisconnected("Connection unexpectedly closed: "
smtplib.SMTPServerDisconnected: Connection unexpectedly closed: timed out
2026-08-05 14:03:33 | WARNING  | app.services.email_queue | Verification VER-cb809fbf47214dcb failed to send (SMTP send failed: Connection unexpectedly closed: timed out). Retrying 2/3 after 4 seconds.
2026-08-05 14:03:37 | INFO     | app.services.email_queue | Queued verification VER-cb809fbf47214dcb for email delivery
2026-08-05 14:04:07 | ERROR    | app.services.email_service | SMTP send failed for host mail.3em.tech:465
Traceback (most recent call last):
  File "C:\Users\syedh\AppData\Local\Programs\Python\Python311\Lib\smtplib.py", line 398, in getreply
    line = self.file.readline(_MAXLINE + 1)
           ^^^^^^^^^^^^^^^^^^^^^^^^^^^^^^^^
  File "C:\Users\syedh\AppData\Local\Programs\Python\Python311\Lib\socket.py", line 705, in readinto
    return self._sock.recv_into(b)
           ^^^^^^^^^^^^^^^^^^^^^^^
TimeoutError: timed out

During handling of the above exception, another exception occurred:

Traceback (most recent call last):
  File "E:\Document_Scan\app\services\email_service.py", line 270, in send_verification_email
    with smtplib.SMTP(config.SMTP_HOST, config.SMTP_PORT, timeout=config.SMTP_CONNECT_TIMEOUT) as smtp:
         ^^^^^^^^^^^^^^^^^^^^^^^^^^^^^^^^^^^^^^^^^^^^^^^^^^^^^^^^^^^^^^^^^^^^^^^^^^^^^^^^^^^^^
  File "C:\Users\syedh\AppData\Local\Programs\Python\Python311\Lib\smtplib.py", line 255, in __init__
    (code, msg) = self.connect(host, port)
                  ^^^^^^^^^^^^^^^^^^^^^^^^
  File "C:\Users\syedh\AppData\Local\Programs\Python\Python311\Lib\smtplib.py", line 343, in connect
    (code, msg) = self.getreply()
                  ^^^^^^^^^^^^^^^
  File "C:\Users\syedh\AppData\Local\Programs\Python\Python311\Lib\smtplib.py", line 401, in getreply
    raise SMTPServerDisconnected("Connection unexpectedly closed: "
smtplib.SMTPServerDisconnected: Connection unexpectedly closed: timed out
2026-08-05 14:04:07 | ERROR    | app.services.email_queue | Verification VER-cb809fbf47214dcb canceled after 3 retries: SMTP send failed: Connection unexpectedly closed: timed out
2026-08-05 14:08:25 | INFO     | app.db_migrate | Ensured branch_entries schema
2026-08-05 14:08:25 | INFO     | app.db_migrate | Ensured signature_records schema
2026-08-05 14:08:25 | INFO     | app.db_migrate | Ensured verifications schema
2026-08-05 14:08:25 | INFO     | app.db | Database initialized and seeded
2026-08-05 14:08:25 | INFO     | app.services.analysis_queue | Analysis queue worker started
2026-08-05 14:08:25 | INFO     | app.services.email_queue | Verification email queue started
2026-08-05 14:08:39 | INFO     | app.db_migrate | Ensured branch_entries schema
2026-08-05 14:08:39 | INFO     | app.db_migrate | Ensured signature_records schema
2026-08-05 14:08:39 | INFO     | app.db_migrate | Ensured verifications schema
2026-08-05 14:08:39 | INFO     | app.db | Database initialized and seeded
2026-08-05 14:08:39 | INFO     | app.services.analysis_queue | Analysis queue worker started
2026-08-05 14:08:39 | INFO     | app.services.email_queue | Verification email queue started
2026-08-05 14:09:38 | INFO     | app.db_migrate | Ensured branch_entries schema
2026-08-05 14:09:38 | INFO     | app.db_migrate | Ensured signature_records schema
2026-08-05 14:09:38 | INFO     | app.db_migrate | Ensured verifications schema
2026-08-05 14:09:38 | INFO     | app.db | Database initialized and seeded
2026-08-05 14:09:38 | INFO     | app.services.analysis_queue | Analysis queue worker started
2026-08-05 14:09:38 | INFO     | app.services.email_queue | Verification email queue started
2026-08-05 14:12:20 | INFO     | app.db_migrate | Ensured branch_entries schema
2026-08-05 14:12:20 | INFO     | app.db_migrate | Ensured signature_records schema
2026-08-05 14:12:20 | INFO     | app.db_migrate | Ensured verifications schema
2026-08-05 14:12:20 | INFO     | app.db | Database initialized and seeded
2026-08-05 14:12:20 | INFO     | app.services.analysis_queue | Analysis queue worker started
2026-08-05 14:12:20 | INFO     | app.services.email_queue | Verification email queue started
2026-08-05 14:30:45 | INFO     | app.db_migrate | Ensured branch_entries schema
2026-08-05 14:30:45 | INFO     | app.db_migrate | Ensured signature_records schema
2026-08-05 14:30:45 | INFO     | app.db_migrate | Ensured verifications schema
2026-08-05 14:30:45 | INFO     | app.db | Database initialized and seeded
2026-08-05 14:30:45 | INFO     | app.services.analysis_queue | Analysis queue worker started
2026-08-05 14:30:45 | INFO     | app.services.email_queue | Verification email queue started
2026-08-05 14:33:43 | WARNING  | app.services.email_service | Unable to conclusively verify recipient m.ali@3em.tech at ['3em.tech']: temporary or connection failure.
2026-08-05 14:33:53 | WARNING  | app.services.email_service | Unable to conclusively verify recipient m.ali@3em.tech at ['3em.tech']: temporary or connection failure.
2026-08-05 14:33:53 | INFO     | app.services.email_queue | Queued verification VER-cebdb47d0e884e6f for email delivery
2026-08-05 14:34:24 | ERROR    | app.services.email_service | SMTP send failed for host mail.3em.tech:465
Traceback (most recent call last):
  File "C:\Users\syedh\AppData\Local\Programs\Python\Python311\Lib\smtplib.py", line 398, in getreply
    line = self.file.readline(_MAXLINE + 1)
           ^^^^^^^^^^^^^^^^^^^^^^^^^^^^^^^^
  File "C:\Users\syedh\AppData\Local\Programs\Python\Python311\Lib\socket.py", line 705, in readinto
    return self._sock.recv_into(b)
           ^^^^^^^^^^^^^^^^^^^^^^^
TimeoutError: timed out

During handling of the above exception, another exception occurred:

Traceback (most recent call last):
  File "E:\Document_Scan\app\services\email_service.py", line 277, in send_verification_email
    with smtplib.SMTP(config.SMTP_HOST, config.SMTP_PORT, timeout=config.SMTP_CONNECT_TIMEOUT) as smtp:
         ^^^^^^^^^^^^^^^^^^^^^^^^^^^^^^^^^^^^^^^^^^^^^^^^^^^^^^^^^^^^^^^^^^^^^^^^^^^^^^^^^^^^^
  File "C:\Users\syedh\AppData\Local\Programs\Python\Python311\Lib\smtplib.py", line 255, in __init__
    (code, msg) = self.connect(host, port)
                  ^^^^^^^^^^^^^^^^^^^^^^^^
  File "C:\Users\syedh\AppData\Local\Programs\Python\Python311\Lib\smtplib.py", line 343, in connect
    (code, msg) = self.getreply()
                  ^^^^^^^^^^^^^^^
  File "C:\Users\syedh\AppData\Local\Programs\Python\Python311\Lib\smtplib.py", line 401, in getreply
    raise SMTPServerDisconnected("Connection unexpectedly closed: "
smtplib.SMTPServerDisconnected: Connection unexpectedly closed: timed out
2026-08-05 14:34:24 | WARNING  | app.services.email_queue | Verification VER-cebdb47d0e884e6f failed to send (SMTP send failed: Connection unexpectedly closed: timed out). Retrying 1/3 after 2 seconds.
2026-08-05 14:34:26 | INFO     | app.services.email_queue | Queued verification VER-cebdb47d0e884e6f for email delivery
2026-08-05 14:34:56 | ERROR    | app.services.email_service | SMTP send failed for host mail.3em.tech:465
Traceback (most recent call last):
  File "C:\Users\syedh\AppData\Local\Programs\Python\Python311\Lib\smtplib.py", line 398, in getreply
    line = self.file.readline(_MAXLINE + 1)
           ^^^^^^^^^^^^^^^^^^^^^^^^^^^^^^^^
  File "C:\Users\syedh\AppData\Local\Programs\Python\Python311\Lib\socket.py", line 705, in readinto
    return self._sock.recv_into(b)
           ^^^^^^^^^^^^^^^^^^^^^^^
TimeoutError: timed out

During handling of the above exception, another exception occurred:

Traceback (most recent call last):
  File "E:\Document_Scan\app\services\email_service.py", line 277, in send_verification_email
    with smtplib.SMTP(config.SMTP_HOST, config.SMTP_PORT, timeout=config.SMTP_CONNECT_TIMEOUT) as smtp:
         ^^^^^^^^^^^^^^^^^^^^^^^^^^^^^^^^^^^^^^^^^^^^^^^^^^^^^^^^^^^^^^^^^^^^^^^^^^^^^^^^^^^^^
  File "C:\Users\syedh\AppData\Local\Programs\Python\Python311\Lib\smtplib.py", line 255, in __init__
    (code, msg) = self.connect(host, port)
                  ^^^^^^^^^^^^^^^^^^^^^^^^
  File "C:\Users\syedh\AppData\Local\Programs\Python\Python311\Lib\smtplib.py", line 343, in connect
    (code, msg) = self.getreply()
                  ^^^^^^^^^^^^^^^
  File "C:\Users\syedh\AppData\Local\Programs\Python\Python311\Lib\smtplib.py", line 401, in getreply
    raise SMTPServerDisconnected("Connection unexpectedly closed: "
smtplib.SMTPServerDisconnected: Connection unexpectedly closed: timed out
2026-08-05 14:34:56 | WARNING  | app.services.email_queue | Verification VER-cebdb47d0e884e6f failed to send (SMTP send failed: Connection unexpectedly closed: timed out). Retrying 2/3 after 4 seconds.
2026-08-05 14:35:00 | INFO     | app.services.email_queue | Queued verification VER-cebdb47d0e884e6f for email delivery
2026-08-05 14:35:30 | ERROR    | app.services.email_service | SMTP send failed for host mail.3em.tech:465
Traceback (most recent call last):
  File "C:\Users\syedh\AppData\Local\Programs\Python\Python311\Lib\smtplib.py", line 398, in getreply
    line = self.file.readline(_MAXLINE + 1)
           ^^^^^^^^^^^^^^^^^^^^^^^^^^^^^^^^
  File "C:\Users\syedh\AppData\Local\Programs\Python\Python311\Lib\socket.py", line 705, in readinto
    return self._sock.recv_into(b)
           ^^^^^^^^^^^^^^^^^^^^^^^
TimeoutError: timed out

During handling of the above exception, another exception occurred:

Traceback (most recent call last):
  File "E:\Document_Scan\app\services\email_service.py", line 277, in send_verification_email
    with smtplib.SMTP(config.SMTP_HOST, config.SMTP_PORT, timeout=config.SMTP_CONNECT_TIMEOUT) as smtp:
         ^^^^^^^^^^^^^^^^^^^^^^^^^^^^^^^^^^^^^^^^^^^^^^^^^^^^^^^^^^^^^^^^^^^^^^^^^^^^^^^^^^^^^
  File "C:\Users\syedh\AppData\Local\Programs\Python\Python311\Lib\smtplib.py", line 255, in __init__
    (code, msg) = self.connect(host, port)
                  ^^^^^^^^^^^^^^^^^^^^^^^^
  File "C:\Users\syedh\AppData\Local\Programs\Python\Python311\Lib\smtplib.py", line 343, in connect
    (code, msg) = self.getreply()
                  ^^^^^^^^^^^^^^^
  File "C:\Users\syedh\AppData\Local\Programs\Python\Python311\Lib\smtplib.py", line 401, in getreply
    raise SMTPServerDisconnected("Connection unexpectedly closed: "
smtplib.SMTPServerDisconnected: Connection unexpectedly closed: timed out
2026-08-05 14:35:30 | ERROR    | app.services.email_queue | Verification VER-cebdb47d0e884e6f canceled after 3 retries: SMTP send failed: Connection unexpectedly closed: timed out
2026-08-05 14:39:36 | INFO     | app.db_migrate | Ensured branch_entries schema
2026-08-05 14:39:36 | INFO     | app.db_migrate | Ensured signature_records schema
2026-08-05 14:39:36 | INFO     | app.db_migrate | Ensured verifications schema
2026-08-05 14:39:36 | INFO     | app.db | Database initialized and seeded
2026-08-05 14:39:36 | INFO     | app.services.analysis_queue | Analysis queue worker started
2026-08-05 14:39:36 | INFO     | app.services.email_queue | Verification email queue started
2026-08-05 14:40:01 | WARNING  | app.services.email_service | Unable to conclusively verify recipient m.ali@3em.tech at ['3em.tech']: temporary or connection failure.
2026-08-05 14:40:11 | WARNING  | app.services.email_service | Unable to conclusively verify recipient m.ali@3em.tech at ['3em.tech']: temporary or connection failure.
2026-08-05 14:40:11 | INFO     | app.services.email_queue | Queued verification VER-c054c8672fd04f4e for email delivery
2026-08-05 14:40:17 | INFO     | app.services.email_queue | Verification email delivered for VER-c054c8672fd04f4e
2026-08-05 15:50:35 | INFO     | app.db_migrate | Ensured branch_entries schema
2026-08-05 15:50:35 | INFO     | app.db_migrate | Ensured signature_records schema
2026-08-05 15:50:35 | INFO     | app.db_migrate | Ensured verifications schema
2026-08-05 15:50:35 | INFO     | app.db | Database initialized and seeded
2026-08-05 15:50:35 | INFO     | app.services.analysis_queue | Analysis queue worker started
2026-08-05 15:50:35 | INFO     | app.services.email_queue | Queued verification VER-c054c8672fd04f4e for email delivery
2026-08-05 15:50:35 | INFO     | app.services.email_queue | Recovered 1 pending verification(s) into email queue
2026-08-05 15:50:35 | INFO     | app.services.email_queue | Verification email queue started
2026-08-05 15:50:35 | ERROR    | app.services.email_queue | Unexpected error while delivering verification email VER-c054c8672fd04f4e
Traceback (most recent call last):
  File "E:\Document_Scan\.venv\Lib\site-packages\sqlalchemy\engine\base.py", line 1969, in _exec_single_context
    self.dialect.do_execute(
  File "E:\Document_Scan\.venv\Lib\site-packages\sqlalchemy\engine\default.py", line 952, in do_execute
    cursor.execute(statement, parameters)
psycopg2.errors.UndefinedColumn: column verifications.response_email does not exist
LINE 1: ...cations.canceled_at AS verifications_canceled_at, verificati...
                                                             ^


The above exception was the direct cause of the following exception:

Traceback (most recent call last):
  File "E:\Document_Scan\app\services\email_queue.py", line 74, in _worker
    self._deliver(public_id)
  File "E:\Document_Scan\app\services\email_queue.py", line 86, in _deliver
    .first()
     ^^^^^^^
  File "E:\Document_Scan\.venv\Lib\site-packages\sqlalchemy\orm\query.py", line 2766, in first
    return self.limit(1)._iter().first()  # type: ignore
           ^^^^^^^^^^^^^^^^^^^^^
  File "E:\Document_Scan\.venv\Lib\site-packages\sqlalchemy\orm\query.py", line 2864, in _iter
    result: Union[ScalarResult[_T], Result[_T]] = self.session.execute(
                                                  ^^^^^^^^^^^^^^^^^^^^^
  File "E:\Document_Scan\.venv\Lib\site-packages\sqlalchemy\orm\session.py", line 2373, in execute
    return self._execute_internal(
           ^^^^^^^^^^^^^^^^^^^^^^^
  File "E:\Document_Scan\.venv\Lib\site-packages\sqlalchemy\orm\session.py", line 2271, in _execute_internal
    result: Result[Any] = compile_state_cls.orm_execute_statement(
                          ^^^^^^^^^^^^^^^^^^^^^^^^^^^^^^^^^^^^^^^^
  File "E:\Document_Scan\.venv\Lib\site-packages\sqlalchemy\orm\context.py", line 306, in orm_execute_statement
    result = conn.execute(
             ^^^^^^^^^^^^^
  File "E:\Document_Scan\.venv\Lib\site-packages\sqlalchemy\engine\base.py", line 1421, in execute
    return meth(
           ^^^^^
  File "E:\Document_Scan\.venv\Lib\site-packages\sqlalchemy\sql\elements.py", line 526, in _execute_on_connection
    return connection._execute_clauseelement(
           ^^^^^^^^^^^^^^^^^^^^^^^^^^^^^^^^^^
  File "E:\Document_Scan\.venv\Lib\site-packages\sqlalchemy\engine\base.py", line 1643, in _execute_clauseelement
    ret = self._execute_context(
          ^^^^^^^^^^^^^^^^^^^^^^
  File "E:\Document_Scan\.venv\Lib\site-packages\sqlalchemy\engine\base.py", line 1848, in _execute_context
    return self._exec_single_context(
           ^^^^^^^^^^^^^^^^^^^^^^^^^^
  File "E:\Document_Scan\.venv\Lib\site-packages\sqlalchemy\engine\base.py", line 1988, in _exec_single_context
    self._handle_dbapi_exception(
  File "E:\Document_Scan\.venv\Lib\site-packages\sqlalchemy\engine\base.py", line 2365, in _handle_dbapi_exception
    raise sqlalchemy_exception.with_traceback(exc_info[2]) from e
  File "E:\Document_Scan\.venv\Lib\site-packages\sqlalchemy\engine\base.py", line 1969, in _exec_single_context
    self.dialect.do_execute(
  File "E:\Document_Scan\.venv\Lib\site-packages\sqlalchemy\engine\default.py", line 952, in do_execute
    cursor.execute(statement, parameters)
sqlalchemy.exc.ProgrammingError: (psycopg2.errors.UndefinedColumn) column verifications.response_email does not exist
LINE 1: ...cations.canceled_at AS verifications_canceled_at, verificati...
                                                             ^

[SQL: SELECT verifications.id AS verifications_id, verifications.verification_id AS verifications_verification_id, verifications.application_id AS verifications_application_id, verifications.branch_entry_id AS verifications_branch_entry_id, verifications.branch_id AS verifications_branch_id, verifications.document_type AS verifications_document_type, verifications.company_email AS verifications_company_email, verifications.status AS verifications_status, verifications.failure_reason AS verifications_failure_reason, verifications.bounce_reason AS verifications_bounce_reason, verifications.retry_count AS verifications_retry_count, verifications.sent_at AS verifications_sent_at, verifications.verified_at AS verifications_verified_at, verifications.rejected_at AS verifications_rejected_at, verifications.canceled_at AS verifications_canceled_at, verifications.response_email AS verifications_response_email, verifications.response_message AS verifications_response_message, verifications.responded_at AS verifications_responded_at, verifications.processed_at AS verifications_processed_at, verifications.reply_subject AS verifications_reply_subject, verifications.reply_message_id AS verifications_reply_message_id, verifications.created_at AS verifications_created_at, verifications.updated_at AS verifications_updated_at, verifications.note AS verifications_note, verifications.document_path AS verifications_document_path, verifications.created_by AS verifications_created_by 
FROM verifications 
WHERE verifications.verification_id = %(verification_id_1)s 
 LIMIT %(param_1)s]
[parameters: {'verification_id_1': 'VER-c054c8672fd04f4e', 'param_1': 1}]
(Background on this error at: https://sqlalche.me/e/20/f405)
2026-08-05 15:50:58 | INFO     | app.db_migrate | Ensured branch_entries schema
2026-08-05 15:50:58 | INFO     | app.db_migrate | Ensured signature_records schema
2026-08-05 15:50:58 | INFO     | app.db_migrate | Ensured verifications schema
2026-08-05 15:50:58 | INFO     | app.db | Database initialized and seeded
2026-08-05 15:50:58 | INFO     | app.services.analysis_queue | Analysis queue worker started
2026-08-05 15:50:58 | INFO     | app.services.email_queue | Queued verification VER-c054c8672fd04f4e for email delivery
2026-08-05 15:50:58 | INFO     | app.services.email_queue | Recovered 1 pending verification(s) into email queue
2026-08-05 15:50:58 | INFO     | app.services.email_queue | Verification email queue started
2026-08-05 15:50:58 | ERROR    | app.services.email_queue | Unexpected error while delivering verification email VER-c054c8672fd04f4e
Traceback (most recent call last):
  File "E:\Document_Scan\.venv\Lib\site-packages\sqlalchemy\engine\base.py", line 1969, in _exec_single_context
    self.dialect.do_execute(
  File "E:\Document_Scan\.venv\Lib\site-packages\sqlalchemy\engine\default.py", line 952, in do_execute
    cursor.execute(statement, parameters)
psycopg2.errors.UndefinedColumn: column verifications.response_email does not exist
LINE 1: ...cations.canceled_at AS verifications_canceled_at, verificati...
                                                             ^


The above exception was the direct cause of the following exception:

Traceback (most recent call last):
  File "E:\Document_Scan\app\services\email_queue.py", line 74, in _worker
    self._deliver(public_id)
  File "E:\Document_Scan\app\services\email_queue.py", line 86, in _deliver
    .first()
     ^^^^^^^
  File "E:\Document_Scan\.venv\Lib\site-packages\sqlalchemy\orm\query.py", line 2766, in first
    return self.limit(1)._iter().first()  # type: ignore
           ^^^^^^^^^^^^^^^^^^^^^
  File "E:\Document_Scan\.venv\Lib\site-packages\sqlalchemy\orm\query.py", line 2864, in _iter
    result: Union[ScalarResult[_T], Result[_T]] = self.session.execute(
                                                  ^^^^^^^^^^^^^^^^^^^^^
  File "E:\Document_Scan\.venv\Lib\site-packages\sqlalchemy\orm\session.py", line 2373, in execute
    return self._execute_internal(
           ^^^^^^^^^^^^^^^^^^^^^^^
  File "E:\Document_Scan\.venv\Lib\site-packages\sqlalchemy\orm\session.py", line 2271, in _execute_internal
    result: Result[Any] = compile_state_cls.orm_execute_statement(
                          ^^^^^^^^^^^^^^^^^^^^^^^^^^^^^^^^^^^^^^^^
  File "E:\Document_Scan\.venv\Lib\site-packages\sqlalchemy\orm\context.py", line 306, in orm_execute_statement
    result = conn.execute(
             ^^^^^^^^^^^^^
  File "E:\Document_Scan\.venv\Lib\site-packages\sqlalchemy\engine\base.py", line 1421, in execute
    return meth(
           ^^^^^
  File "E:\Document_Scan\.venv\Lib\site-packages\sqlalchemy\sql\elements.py", line 526, in _execute_on_connection
    return connection._execute_clauseelement(
           ^^^^^^^^^^^^^^^^^^^^^^^^^^^^^^^^^^
  File "E:\Document_Scan\.venv\Lib\site-packages\sqlalchemy\engine\base.py", line 1643, in _execute_clauseelement
    ret = self._execute_context(
          ^^^^^^^^^^^^^^^^^^^^^^
  File "E:\Document_Scan\.venv\Lib\site-packages\sqlalchemy\engine\base.py", line 1848, in _execute_context
    return self._exec_single_context(
           ^^^^^^^^^^^^^^^^^^^^^^^^^^
  File "E:\Document_Scan\.venv\Lib\site-packages\sqlalchemy\engine\base.py", line 1988, in _exec_single_context
    self._handle_dbapi_exception(
  File "E:\Document_Scan\.venv\Lib\site-packages\sqlalchemy\engine\base.py", line 2365, in _handle_dbapi_exception
    raise sqlalchemy_exception.with_traceback(exc_info[2]) from e
  File "E:\Document_Scan\.venv\Lib\site-packages\sqlalchemy\engine\base.py", line 1969, in _exec_single_context
    self.dialect.do_execute(
  File "E:\Document_Scan\.venv\Lib\site-packages\sqlalchemy\engine\default.py", line 952, in do_execute
    cursor.execute(statement, parameters)
sqlalchemy.exc.ProgrammingError: (psycopg2.errors.UndefinedColumn) column verifications.response_email does not exist
LINE 1: ...cations.canceled_at AS verifications_canceled_at, verificati...
                                                             ^

[SQL: SELECT verifications.id AS verifications_id, verifications.verification_id AS verifications_verification_id, verifications.application_id AS verifications_application_id, verifications.branch_entry_id AS verifications_branch_entry_id, verifications.branch_id AS verifications_branch_id, verifications.document_type AS verifications_document_type, verifications.company_email AS verifications_company_email, verifications.status AS verifications_status, verifications.failure_reason AS verifications_failure_reason, verifications.bounce_reason AS verifications_bounce_reason, verifications.retry_count AS verifications_retry_count, verifications.sent_at AS verifications_sent_at, verifications.verified_at AS verifications_verified_at, verifications.rejected_at AS verifications_rejected_at, verifications.canceled_at AS verifications_canceled_at, verifications.response_email AS verifications_response_email, verifications.response_message AS verifications_response_message, verifications.responded_at AS verifications_responded_at, verifications.processed_at AS verifications_processed_at, verifications.reply_subject AS verifications_reply_subject, verifications.reply_message_id AS verifications_reply_message_id, verifications.created_at AS verifications_created_at, verifications.updated_at AS verifications_updated_at, verifications.note AS verifications_note, verifications.document_path AS verifications_document_path, verifications.created_by AS verifications_created_by 
FROM verifications 
WHERE verifications.verification_id = %(verification_id_1)s 
 LIMIT %(param_1)s]
[parameters: {'verification_id_1': 'VER-c054c8672fd04f4e', 'param_1': 1}]
(Background on this error at: https://sqlalche.me/e/20/f405)
2026-08-05 15:52:10 | INFO     | app.db_migrate | Ensured branch_entries schema
2026-08-05 15:52:10 | INFO     | app.db_migrate | Ensured signature_records schema
2026-08-05 15:52:10 | INFO     | app.db_migrate | Ensured verifications schema
2026-08-05 15:52:10 | INFO     | app.db | Database initialized and seeded
2026-08-05 15:52:10 | INFO     | app.services.analysis_queue | Analysis queue worker started
2026-08-05 15:52:10 | INFO     | app.services.email_queue | Queued verification VER-c054c8672fd04f4e for email delivery
2026-08-05 15:52:10 | INFO     | app.services.email_queue | Recovered 1 pending verification(s) into email queue
2026-08-05 15:52:10 | INFO     | app.services.email_queue | Verification email queue started
2026-08-05 15:52:10 | ERROR    | app.services.email_queue | Unexpected error while delivering verification email VER-c054c8672fd04f4e
Traceback (most recent call last):
  File "E:\Document_Scan\.venv\Lib\site-packages\sqlalchemy\engine\base.py", line 1969, in _exec_single_context
    self.dialect.do_execute(
  File "E:\Document_Scan\.venv\Lib\site-packages\sqlalchemy\engine\default.py", line 952, in do_execute
    cursor.execute(statement, parameters)
psycopg2.errors.UndefinedColumn: column verifications.response_email does not exist
LINE 1: ...cations.canceled_at AS verifications_canceled_at, verificati...
                                                             ^


The above exception was the direct cause of the following exception:

Traceback (most recent call last):
  File "E:\Document_Scan\app\services\email_queue.py", line 74, in _worker
    self._deliver(public_id)
  File "E:\Document_Scan\app\services\email_queue.py", line 86, in _deliver
    .first()
     ^^^^^^^
  File "E:\Document_Scan\.venv\Lib\site-packages\sqlalchemy\orm\query.py", line 2766, in first
    return self.limit(1)._iter().first()  # type: ignore
           ^^^^^^^^^^^^^^^^^^^^^
  File "E:\Document_Scan\.venv\Lib\site-packages\sqlalchemy\orm\query.py", line 2864, in _iter
    result: Union[ScalarResult[_T], Result[_T]] = self.session.execute(
                                                  ^^^^^^^^^^^^^^^^^^^^^
  File "E:\Document_Scan\.venv\Lib\site-packages\sqlalchemy\orm\session.py", line 2373, in execute
    return self._execute_internal(
           ^^^^^^^^^^^^^^^^^^^^^^^
  File "E:\Document_Scan\.venv\Lib\site-packages\sqlalchemy\orm\session.py", line 2271, in _execute_internal
    result: Result[Any] = compile_state_cls.orm_execute_statement(
                          ^^^^^^^^^^^^^^^^^^^^^^^^^^^^^^^^^^^^^^^^
  File "E:\Document_Scan\.venv\Lib\site-packages\sqlalchemy\orm\context.py", line 306, in orm_execute_statement
    result = conn.execute(
             ^^^^^^^^^^^^^
  File "E:\Document_Scan\.venv\Lib\site-packages\sqlalchemy\engine\base.py", line 1421, in execute
    return meth(
           ^^^^^
  File "E:\Document_Scan\.venv\Lib\site-packages\sqlalchemy\sql\elements.py", line 526, in _execute_on_connection
    return connection._execute_clauseelement(
           ^^^^^^^^^^^^^^^^^^^^^^^^^^^^^^^^^^
  File "E:\Document_Scan\.venv\Lib\site-packages\sqlalchemy\engine\base.py", line 1643, in _execute_clauseelement
    ret = self._execute_context(
          ^^^^^^^^^^^^^^^^^^^^^^
  File "E:\Document_Scan\.venv\Lib\site-packages\sqlalchemy\engine\base.py", line 1848, in _execute_context
    return self._exec_single_context(
           ^^^^^^^^^^^^^^^^^^^^^^^^^^
  File "E:\Document_Scan\.venv\Lib\site-packages\sqlalchemy\engine\base.py", line 1988, in _exec_single_context
    self._handle_dbapi_exception(
  File "E:\Document_Scan\.venv\Lib\site-packages\sqlalchemy\engine\base.py", line 2365, in _handle_dbapi_exception
    raise sqlalchemy_exception.with_traceback(exc_info[2]) from e
  File "E:\Document_Scan\.venv\Lib\site-packages\sqlalchemy\engine\base.py", line 1969, in _exec_single_context
    self.dialect.do_execute(
  File "E:\Document_Scan\.venv\Lib\site-packages\sqlalchemy\engine\default.py", line 952, in do_execute
    cursor.execute(statement, parameters)
sqlalchemy.exc.ProgrammingError: (psycopg2.errors.UndefinedColumn) column verifications.response_email does not exist
LINE 1: ...cations.canceled_at AS verifications_canceled_at, verificati...
                                                             ^

[SQL: SELECT verifications.id AS verifications_id, verifications.verification_id AS verifications_verification_id, verifications.application_id AS verifications_application_id, verifications.branch_entry_id AS verifications_branch_entry_id, verifications.branch_id AS verifications_branch_id, verifications.document_type AS verifications_document_type, verifications.company_email AS verifications_company_email, verifications.status AS verifications_status, verifications.failure_reason AS verifications_failure_reason, verifications.bounce_reason AS verifications_bounce_reason, verifications.retry_count AS verifications_retry_count, verifications.sent_at AS verifications_sent_at, verifications.verified_at AS verifications_verified_at, verifications.rejected_at AS verifications_rejected_at, verifications.canceled_at AS verifications_canceled_at, verifications.response_email AS verifications_response_email, verifications.response_message AS verifications_response_message, verifications.responded_at AS verifications_responded_at, verifications.processed_at AS verifications_processed_at, verifications.reply_subject AS verifications_reply_subject, verifications.reply_message_id AS verifications_reply_message_id, verifications.created_at AS verifications_created_at, verifications.updated_at AS verifications_updated_at, verifications.note AS verifications_note, verifications.document_path AS verifications_document_path, verifications.created_by AS verifications_created_by 
FROM verifications 
WHERE verifications.verification_id = %(verification_id_1)s 
 LIMIT %(param_1)s]
[parameters: {'verification_id_1': 'VER-c054c8672fd04f4e', 'param_1': 1}]
(Background on this error at: https://sqlalche.me/e/20/f405)
2026-08-05 15:52:36 | INFO     | app.db_migrate | Ensured branch_entries schema
2026-08-05 15:52:36 | INFO     | app.db_migrate | Ensured signature_records schema
2026-08-05 15:52:36 | INFO     | app.db_migrate | Ensured verifications schema
2026-08-05 15:52:36 | INFO     | app.db_migrate | Added verifications.response_email
2026-08-05 15:52:36 | INFO     | app.db_migrate | Added verifications.response_message
2026-08-05 15:52:36 | INFO     | app.db_migrate | Added verifications.responded_at
2026-08-05 15:52:36 | INFO     | app.db_migrate | Added verifications.processed_at
2026-08-05 15:52:36 | INFO     | app.db_migrate | Added verifications.reply_subject
2026-08-05 15:52:36 | INFO     | app.db_migrate | Added verifications.reply_message_id
2026-08-05 15:52:36 | INFO     | app.db | Database initialized and seeded
2026-08-05 15:52:36 | INFO     | app.services.analysis_queue | Analysis queue worker started
2026-08-05 15:52:36 | INFO     | app.services.email_queue | Queued verification VER-c054c8672fd04f4e for email delivery
2026-08-05 15:52:36 | INFO     | app.services.email_queue | Recovered 1 pending verification(s) into email queue
2026-08-05 15:52:36 | INFO     | app.services.email_queue | Verification email queue started
2026-08-05 15:52:41 | INFO     | app.services.email_queue | Verification email delivered for VER-c054c8672fd04f4e
2026-08-05 15:53:15 | INFO     | app.db_migrate | Ensured branch_entries schema
2026-08-05 15:53:15 | INFO     | app.db_migrate | Ensured signature_records schema
2026-08-05 15:53:15 | INFO     | app.db_migrate | Ensured verifications schema
2026-08-05 15:53:15 | INFO     | app.db | Database initialized and seeded
2026-08-05 15:53:15 | INFO     | app.services.analysis_queue | Analysis queue worker started
2026-08-05 15:53:15 | INFO     | app.services.email_queue | Queued verification VER-c054c8672fd04f4e for email delivery
2026-08-05 15:53:15 | INFO     | app.services.email_queue | Recovered 1 pending verification(s) into email queue
2026-08-05 15:53:15 | INFO     | app.services.email_queue | Verification email queue started
2026-08-05 15:53:20 | INFO     | app.services.email_queue | Verification email delivered for VER-c054c8672fd04f4e
2026-08-05 15:53:39 | INFO     | app.db_migrate | Ensured branch_entries schema
2026-08-05 15:53:39 | INFO     | app.db_migrate | Ensured signature_records schema
2026-08-05 15:53:39 | INFO     | app.db_migrate | Ensured verifications schema
2026-08-05 15:53:39 | INFO     | app.db | Database initialized and seeded
2026-08-05 15:53:39 | INFO     | app.services.analysis_queue | Analysis queue worker started
2026-08-05 15:53:39 | INFO     | app.services.email_queue | Queued verification VER-c054c8672fd04f4e for email delivery
2026-08-05 15:53:39 | INFO     | app.services.email_queue | Recovered 1 pending verification(s) into email queue
2026-08-05 15:53:39 | INFO     | app.services.email_queue | Verification email queue started
2026-08-05 15:53:44 | INFO     | app.services.email_queue | Verification email delivered for VER-c054c8672fd04f4e
2026-08-05 15:54:24 | WARNING  | app.services.email_service | Unable to conclusively verify recipient huzair.aslam@3em.tech at ['3em.tech']: temporary or connection failure.
2026-08-05 15:54:34 | WARNING  | app.services.email_service | Unable to conclusively verify recipient huzair.aslam@3em.tech at ['3em.tech']: temporary or connection failure.
2026-08-05 15:54:34 | INFO     | app.services.email_queue | Queued verification VER-57490c7d6b084cbf for email delivery
2026-08-05 15:54:39 | INFO     | app.services.email_queue | Verification email delivered for VER-57490c7d6b084cbf
2026-08-05 16:11:01 | INFO     | app.db_migrate | Ensured branch_entries schema
2026-08-05 16:11:01 | INFO     | app.db_migrate | Ensured signature_records schema
2026-08-05 16:11:01 | INFO     | app.db_migrate | Ensured verifications schema
2026-08-05 16:11:01 | INFO     | app.db | Database initialized and seeded
2026-08-05 16:11:01 | INFO     | app.services.analysis_queue | Analysis queue worker started
2026-08-05 16:11:01 | INFO     | app.services.email_queue | Queued verification VER-c054c8672fd04f4e for email delivery
2026-08-05 16:11:01 | INFO     | app.services.email_queue | Queued verification VER-57490c7d6b084cbf for email delivery
2026-08-05 16:11:01 | INFO     | app.services.email_queue | Recovered 2 pending verification(s) into email queue
2026-08-05 16:11:01 | INFO     | app.services.email_queue | Verification email queue started
2026-08-05 16:11:06 | INFO     | app.services.email_queue | Verification email delivered for VER-c054c8672fd04f4e
2026-08-05 16:11:11 | INFO     | app.services.email_queue | Verification email delivered for VER-57490c7d6b084cbf
2026-08-05 16:13:33 | WARNING  | app.services.email_service | Unable to conclusively verify recipient huzair.aslam@3em.tech at ['3em.tech']: temporary or connection failure.
2026-08-05 16:13:43 | WARNING  | app.services.email_service | Unable to conclusively verify recipient huzair.aslam@3em.tech at ['3em.tech']: temporary or connection failure.
2026-08-05 16:13:43 | INFO     | app.services.email_queue | Queued verification VER-b4e336a2549b479e for email delivery
2026-08-05 16:13:48 | INFO     | app.services.email_queue | Verification email delivered for VER-b4e336a2549b479e
2026-08-05 16:16:47 | INFO     | app.db_migrate | Ensured branch_entries schema
2026-08-05 16:16:47 | INFO     | app.db_migrate | Ensured signature_records schema
2026-08-05 16:16:47 | INFO     | app.db_migrate | Ensured verifications schema
2026-08-05 16:16:47 | INFO     | app.db | Database initialized and seeded
2026-08-05 16:16:47 | INFO     | app.services.analysis_queue | Analysis queue worker started
2026-08-05 16:16:47 | INFO     | app.services.email_queue | Queued verification VER-c054c8672fd04f4e for email delivery
2026-08-05 16:16:47 | INFO     | app.services.email_queue | Queued verification VER-57490c7d6b084cbf for email delivery
2026-08-05 16:16:47 | INFO     | app.services.email_queue | Queued verification VER-b4e336a2549b479e for email delivery
2026-08-05 16:16:47 | INFO     | app.services.email_queue | Recovered 3 pending verification(s) into email queue
2026-08-05 16:16:47 | INFO     | app.services.email_queue | Verification email queue started
2026-08-05 16:16:52 | INFO     | app.services.email_queue | Verification email delivered for VER-c054c8672fd04f4e
2026-08-05 16:16:57 | INFO     | app.services.email_queue | Verification email delivered for VER-57490c7d6b084cbf
2026-08-05 16:17:02 | INFO     | app.services.email_queue | Verification email delivered for VER-b4e336a2549b479e
2026-08-05 16:17:41 | INFO     | app.db_migrate | Ensured branch_entries schema
2026-08-05 16:17:41 | INFO     | app.db_migrate | Ensured signature_records schema
2026-08-05 16:17:41 | INFO     | app.db_migrate | Ensured verifications schema
2026-08-05 16:17:41 | INFO     | app.db | Database initialized and seeded
2026-08-05 16:17:41 | INFO     | app.services.analysis_queue | Analysis queue worker started
2026-08-05 16:17:41 | INFO     | app.services.email_queue | Queued verification VER-c054c8672fd04f4e for email delivery
2026-08-05 16:17:41 | INFO     | app.services.email_queue | Queued verification VER-b4e336a2549b479e for email delivery
2026-08-05 16:17:41 | INFO     | app.services.email_queue | Recovered 2 pending verification(s) into email queue
2026-08-05 16:17:41 | INFO     | app.services.email_queue | Verification email queue started
2026-08-05 16:17:46 | INFO     | app.services.email_queue | Verification email delivered for VER-c054c8672fd04f4e
2026-08-05 16:17:54 | INFO     | app.services.email_queue | Verification email delivered for VER-b4e336a2549b479e
2026-08-05 16:19:04 | WARNING  | app.services.email_service | Unable to conclusively verify recipient huzair.aslam@3em.tech at ['3em.tech']: temporary or connection failure.
2026-08-05 16:19:14 | WARNING  | app.services.email_service | Unable to conclusively verify recipient huzair.aslam@3em.tech at ['3em.tech']: temporary or connection failure.
2026-08-05 16:19:14 | INFO     | app.services.email_queue | Queued verification VER-03b34434a48b47d6 for email delivery
2026-08-05 16:19:19 | INFO     | app.services.email_queue | Verification email delivered for VER-03b34434a48b47d6
2026-08-05 17:47:27 | INFO     | app.db_migrate | Ensured branch_entries schema
2026-08-05 17:47:27 | INFO     | app.db_migrate | Ensured signature_records schema
2026-08-05 17:47:27 | INFO     | app.db_migrate | Ensured verifications schema
2026-08-05 17:47:27 | INFO     | app.db | Database initialized and seeded
2026-08-05 17:47:27 | INFO     | app.services.analysis_queue | Analysis queue worker started
2026-08-05 17:47:27 | INFO     | app.services.email_queue | Queued verification VER-c054c8672fd04f4e for email delivery
2026-08-05 17:47:27 | INFO     | app.services.email_queue | Recovered 1 pending verification(s) into email queue
2026-08-05 17:47:27 | INFO     | app.services.email_queue | Verification email queue started
2026-08-05 17:47:32 | INFO     | app.services.email_queue | Verification email delivered for VER-c054c8672fd04f4e
2026-08-05 17:50:28 | WARNING  | app.services.email_service | Unable to conclusively verify recipient huzair.aslam@3em.tech at ['3em.tech']: temporary or connection failure.
2026-08-05 17:50:38 | WARNING  | app.services.email_service | Unable to conclusively verify recipient huzair.aslam@3em.tech at ['3em.tech']: temporary or connection failure.
2026-08-05 17:50:38 | INFO     | app.services.email_queue | Queued verification VER-2c3b415fd2f34f27 for email delivery
2026-08-05 17:50:44 | INFO     | app.services.email_queue | Verification email delivered for VER-2c3b415fd2f34f27
2026-08-05 17:56:25 | WARNING  | app.services.email_service | Unable to conclusively verify recipient huzair.aslam@3em.tech at ['3em.tech']: temporary or connection failure.
2026-08-05 17:56:35 | WARNING  | app.services.email_service | Unable to conclusively verify recipient huzair.aslam@3em.tech at ['3em.tech']: temporary or connection failure.
2026-08-05 17:56:35 | INFO     | app.services.email_queue | Queued verification VER-930bdafa2d2f4a90 for email delivery
2026-08-05 17:56:40 | INFO     | app.services.email_queue | Verification email delivered for VER-930bdafa2d2f4a90
2026-08-05 17:57:05 | INFO     | app.db_migrate | Ensured branch_entries schema
2026-08-05 17:57:05 | INFO     | app.db_migrate | Ensured signature_records schema
2026-08-05 17:57:05 | INFO     | app.db_migrate | Ensured verifications schema
2026-08-05 17:57:05 | INFO     | app.db | Database initialized and seeded
2026-08-05 17:57:05 | INFO     | app.services.analysis_queue | Analysis queue worker started
2026-08-05 17:57:05 | INFO     | app.services.email_queue | Queued verification VER-c054c8672fd04f4e for email delivery
2026-08-05 17:57:05 | INFO     | app.services.email_queue | Queued verification VER-930bdafa2d2f4a90 for email delivery
2026-08-05 17:57:05 | INFO     | app.services.email_queue | Recovered 2 pending verification(s) into email queue
2026-08-05 17:57:05 | INFO     | app.services.email_queue | Verification email queue started
2026-08-05 17:57:12 | INFO     | app.db_migrate | Ensured branch_entries schema
2026-08-05 17:57:12 | INFO     | app.db_migrate | Ensured signature_records schema
2026-08-05 17:57:12 | INFO     | app.db_migrate | Ensured verifications schema
2026-08-05 17:57:12 | INFO     | app.db | Database initialized and seeded
2026-08-05 17:57:12 | INFO     | app.services.analysis_queue | Analysis queue worker started
2026-08-05 17:57:12 | INFO     | app.services.email_queue | Queued verification VER-c054c8672fd04f4e for email delivery
2026-08-05 17:57:12 | INFO     | app.services.email_queue | Recovered 1 pending verification(s) into email queue
2026-08-05 17:57:12 | INFO     | app.services.email_queue | Verification email queue started
2026-08-05 17:57:18 | INFO     | app.services.email_queue | Verification email delivered for VER-c054c8672fd04f4e
2026-08-05 17:57:40 | INFO     | app.db_migrate | Ensured branch_entries schema
2026-08-05 17:57:40 | INFO     | app.db_migrate | Ensured signature_records schema
2026-08-05 17:57:40 | INFO     | app.db_migrate | Ensured verifications schema
2026-08-05 17:57:40 | INFO     | app.db | Database initialized and seeded
2026-08-05 17:57:40 | INFO     | app.services.analysis_queue | Analysis queue worker started
2026-08-05 17:57:40 | INFO     | app.services.email_queue | Queued verification VER-c054c8672fd04f4e for email delivery
2026-08-05 17:57:40 | INFO     | app.services.email_queue | Recovered 1 pending verification(s) into email queue
2026-08-05 17:57:40 | INFO     | app.services.email_queue | Verification email queue started
2026-08-05 17:57:49 | INFO     | app.services.email_queue | Verification email delivered for VER-c054c8672fd04f4e
2026-08-05 17:58:46 | INFO     | __main__ | Starting verification reply worker, polling every 60 seconds
2026-08-05 17:59:48 | INFO     | __main__ | IMAP poll found 1 unread message(s)
2026-08-05 17:59:49 | INFO     | __main__ | Duplicate reply ignored for VER-930bdafa2d2f4a90
2026-08-05 18:17:16 | INFO     | app.db_migrate | Ensured branch_entries schema
2026-08-05 18:17:16 | INFO     | app.db_migrate | Ensured signature_records schema
2026-08-05 18:17:16 | INFO     | app.db_migrate | Ensured verifications schema
2026-08-05 18:17:16 | INFO     | app.db | Database initialized and seeded
2026-08-05 18:17:16 | INFO     | app.services.analysis_queue | Analysis queue worker started
2026-08-05 18:17:16 | INFO     | app.services.email_queue | Queued verification VER-c054c8672fd04f4e for email delivery
2026-08-05 18:17:16 | INFO     | app.services.email_queue | Recovered 1 pending verification(s) into email queue
2026-08-05 18:17:16 | INFO     | app.services.email_queue | Verification email queue started
2026-08-05 18:17:24 | INFO     | app.db_migrate | Ensured branch_entries schema
2026-08-05 18:17:24 | INFO     | app.db_migrate | Ensured signature_records schema
2026-08-05 18:17:24 | INFO     | app.db_migrate | Ensured verifications schema
2026-08-05 18:17:25 | INFO     | app.db | Database initialized and seeded
2026-08-05 18:17:25 | INFO     | app.services.analysis_queue | Analysis queue worker started
2026-08-05 18:17:25 | INFO     | app.services.email_queue | Queued verification VER-c054c8672fd04f4e for email delivery
2026-08-05 18:17:25 | INFO     | app.services.email_queue | Recovered 1 pending verification(s) into email queue
2026-08-05 18:17:25 | INFO     | app.services.email_queue | Verification email queue started
2026-08-05 18:17:30 | INFO     | app.services.email_queue | Verification email delivered for VER-c054c8672fd04f4e
2026-08-05 18:18:41 | INFO     | app.db_migrate | Ensured branch_entries schema
2026-08-05 18:18:41 | INFO     | app.db_migrate | Ensured signature_records schema
2026-08-05 18:18:41 | INFO     | app.db_migrate | Ensured verifications schema
2026-08-05 18:18:41 | INFO     | app.db | Database initialized and seeded
2026-08-05 18:18:41 | INFO     | app.services.analysis_queue | Analysis queue worker started
2026-08-05 18:18:41 | INFO     | app.services.email_queue | Queued verification VER-c054c8672fd04f4e for email delivery
2026-08-05 18:18:41 | INFO     | app.services.email_queue | Recovered 1 pending verification(s) into email queue
2026-08-05 18:18:41 | INFO     | app.services.email_queue | Verification email queue started
2026-08-05 18:18:46 | INFO     | app.services.email_queue | Verification email delivered for VER-c054c8672fd04f4e
2026-08-05 18:19:01 | INFO     | __main__ | Starting verification reply worker, polling every 60 seconds
2026-08-05 18:20:03 | WARNING  | app.services.email_service | Unable to conclusively verify recipient huzair.aslam@3em.tech at ['3em.tech']: temporary or connection failure.
2026-08-05 18:20:13 | WARNING  | app.services.email_service | Unable to conclusively verify recipient huzair.aslam@3em.tech at ['3em.tech']: temporary or connection failure.
2026-08-05 18:20:13 | INFO     | app.services.email_queue | Queued verification VER-f814c3a0141044a0 for email delivery
2026-08-05 18:20:17 | INFO     | app.services.email_queue | Verification email delivered for VER-f814c3a0141044a0
2026-08-05 18:21:04 | INFO     | __main__ | IMAP poll found 1 unread message(s)
2026-08-05 18:25:29 | INFO     | app.db_migrate | Ensured branch_entries schema
2026-08-05 18:25:29 | INFO     | app.db_migrate | Ensured signature_records schema
2026-08-05 18:25:29 | INFO     | app.db_migrate | Ensured verifications schema
2026-08-05 18:25:29 | INFO     | app.db | Database initialized and seeded
2026-08-05 18:25:29 | INFO     | app.services.analysis_queue | Analysis queue worker started
2026-08-05 18:25:29 | INFO     | app.services.email_queue | Queued verification VER-c054c8672fd04f4e for email delivery
2026-08-05 18:25:29 | INFO     | app.services.email_queue | Recovered 1 pending verification(s) into email queue
2026-08-05 18:25:29 | INFO     | app.services.email_queue | Verification email queue started
2026-08-05 18:25:34 | INFO     | app.services.email_queue | Verification email delivered for VER-c054c8672fd04f4e
2026-08-05 18:26:36 | WARNING  | app.services.email_service | Unable to conclusively verify recipient basil.shahzad@3em.tech at ['3em.tech']: temporary or connection failure.
2026-08-05 18:26:47 | WARNING  | app.services.email_service | Unable to conclusively verify recipient basil.shahzad@3em.tech at ['3em.tech']: temporary or connection failure.
2026-08-05 18:26:47 | INFO     | app.services.email_queue | Queued verification VER-c3f08f3a73214b9f for email delivery
2026-08-05 18:26:52 | INFO     | app.services.email_queue | Verification email delivered for VER-c3f08f3a73214b9f
2026-08-05 18:28:14 | INFO     | __main__ | IMAP poll found 1 unread message(s)
2026-08-05 18:30:23 | INFO     | app.db_migrate | Ensured branch_entries schema
2026-08-05 18:30:23 | INFO     | app.db_migrate | Ensured signature_records schema
2026-08-05 18:30:23 | INFO     | app.db_migrate | Ensured verifications schema
2026-08-05 18:30:23 | INFO     | app.db | Database initialized and seeded
2026-08-05 18:30:23 | INFO     | app.services.analysis_queue | Analysis queue worker started
2026-08-05 18:30:23 | INFO     | app.services.email_queue | Queued verification VER-c054c8672fd04f4e for email delivery
2026-08-05 18:30:23 | INFO     | app.services.email_queue | Recovered 1 pending verification(s) into email queue
2026-08-05 18:30:23 | INFO     | app.services.email_queue | Verification email queue started
2026-08-05 18:30:28 | INFO     | app.services.email_queue | Verification email delivered for VER-c054c8672fd04f4e
2026-08-05 18:30:53 | INFO     | app.db_migrate | Ensured branch_entries schema
2026-08-05 18:30:53 | INFO     | app.db_migrate | Ensured signature_records schema
2026-08-05 18:30:53 | INFO     | app.db_migrate | Ensured verifications schema
2026-08-05 18:30:53 | INFO     | app.db | Database initialized and seeded
2026-08-05 18:30:53 | INFO     | app.services.analysis_queue | Analysis queue worker started
2026-08-05 18:30:53 | INFO     | app.services.email_queue | Queued verification VER-c054c8672fd04f4e for email delivery
2026-08-05 18:30:53 | INFO     | app.services.email_queue | Recovered 1 pending verification(s) into email queue
2026-08-05 18:30:53 | INFO     | app.services.email_queue | Verification email queue started
2026-08-05 18:30:58 | INFO     | app.services.email_queue | Verification email delivered for VER-c054c8672fd04f4e
2026-08-05 18:31:14 | INFO     | app.db_migrate | Ensured branch_entries schema
2026-08-05 18:31:14 | INFO     | app.db_migrate | Ensured signature_records schema
2026-08-05 18:31:14 | INFO     | app.db_migrate | Ensured verifications schema
2026-08-05 18:31:14 | INFO     | app.db | Database initialized and seeded
2026-08-05 18:31:14 | INFO     | app.services.analysis_queue | Analysis queue worker started
2026-08-05 18:31:14 | INFO     | app.services.email_queue | Queued verification VER-c054c8672fd04f4e for email delivery
2026-08-05 18:31:14 | INFO     | app.services.email_queue | Recovered 1 pending verification(s) into email queue
2026-08-05 18:31:14 | INFO     | app.services.email_queue | Verification email queue started
2026-08-05 18:31:19 | INFO     | app.services.email_queue | Verification email delivered for VER-c054c8672fd04f4e
2026-08-05 18:31:44 | INFO     | __main__ | Starting verification reply worker, polling every 60 seconds
2026-08-05 18:35:10 | WARNING  | app.services.email_service | Unable to conclusively verify recipient basil.shahzad@3em.tech at ['3em.tech']: temporary or connection failure.
2026-08-05 18:35:20 | WARNING  | app.services.email_service | Unable to conclusively verify recipient basil.shahzad@3em.tech at ['3em.tech']: temporary or connection failure.
2026-08-05 18:35:20 | INFO     | app.services.email_queue | Queued verification VER-0b3b98b9d9dd490f for email delivery
2026-08-05 18:35:25 | INFO     | app.services.email_queue | Verification email delivered for VER-0b3b98b9d9dd490f
2026-08-05 18:36:51 | INFO     | __main__ | IMAP poll found 1 unread message(s)
2026-08-05 18:36:51 | INFO     | __main__ | Processing unread message: subject=Re: [Application Verification: VER-0b3b98b9d9dd490f] message_id=	<PA4PR09MB4574B854793FFE1B4FF68D39A1D32@PA4PR09MB4574.eurprd09.prod.outlook.com>
2026-08-05 18:36:51 | INFO     | __main__ | Reply parsing: extracted='Rejected' normalized='rejected'
2026-08-05 18:36:51 | INFO     | __main__ | Verification VER-0b3b98b9d9dd490f processed as rejected
2026-08-05 18:44:34 | INFO     | app.db_migrate | Ensured branch_entries schema
2026-08-05 18:44:34 | INFO     | app.db_migrate | Ensured signature_records schema
2026-08-05 18:44:34 | INFO     | app.db_migrate | Ensured verifications schema
2026-08-05 18:44:34 | INFO     | app.db | Database initialized and seeded
2026-08-05 18:44:34 | INFO     | app.services.analysis_queue | Analysis queue worker started
2026-08-05 18:44:34 | INFO     | app.services.email_queue | Queued verification VER-c054c8672fd04f4e for email delivery
2026-08-05 18:44:34 | INFO     | app.services.email_queue | Recovered 1 pending verification(s) into email queue
2026-08-05 18:44:34 | INFO     | app.services.email_queue | Verification email queue started
2026-08-05 18:44:40 | INFO     | app.services.email_queue | Verification email delivered for VER-c054c8672fd04f4e
2026-08-05 18:45:18 | INFO     | app.db_migrate | Ensured branch_entries schema
2026-08-05 18:45:18 | INFO     | app.db_migrate | Ensured signature_records schema
2026-08-05 18:45:18 | INFO     | app.db_migrate | Ensured verifications schema
2026-08-05 18:45:18 | INFO     | app.db | Database initialized and seeded
2026-08-05 18:45:18 | INFO     | app.services.analysis_queue | Analysis queue worker started
2026-08-05 18:45:18 | INFO     | app.services.email_queue | Queued verification VER-c054c8672fd04f4e for email delivery
2026-08-05 18:45:18 | INFO     | app.services.email_queue | Recovered 1 pending verification(s) into email queue
2026-08-05 18:45:18 | INFO     | app.services.email_queue | Verification email queue started
2026-08-05 18:45:23 | INFO     | app.services.email_queue | Verification email delivered for VER-c054c8672fd04f4e
2026-08-05 18:47:36 | INFO     | app.document_detection.strategies.llm_gate | Document gate LLM: is_document=True detected=payslip doc_conf=100.0 type_conf=100.0
2026-08-05 18:47:49 | INFO     | app.document_detection.strategies.llm_gate | Document gate LLM: is_document=True detected=payslip doc_conf=100.0 type_conf=100.0
2026-08-05 18:48:23 | INFO     | app.ocr_pipeline.document_extract | LLM payslip vision extraction complete (gemini_vision): filled=10
2026-08-05 18:50:06 | WARNING  | app.services.email_service | Unable to conclusively verify recipient huzair.aslam@3em.tech at ['3em.tech']: temporary or connection failure.
2026-08-05 18:50:16 | WARNING  | app.services.email_service | Unable to conclusively verify recipient huzair.aslam@3em.tech at ['3em.tech']: temporary or connection failure.
2026-08-05 18:50:16 | INFO     | app.services.email_queue | Queued verification VER-d6b5e8d0d9c84ac6 for email delivery
2026-08-05 18:50:22 | INFO     | app.services.email_queue | Verification email delivered for VER-d6b5e8d0d9c84ac6
2026-08-05 23:05:38 | INFO     | __main__ | Starting verification reply worker, polling every 60 seconds
2026-08-05 23:05:45 | INFO     | app.db_migrate | Ensured branch_entries schema
2026-08-05 23:05:45 | INFO     | app.db_migrate | Ensured signature_records schema
2026-08-05 23:05:45 | INFO     | app.db_migrate | Ensured verifications schema
2026-08-05 23:05:45 | INFO     | app.db | Database initialized and seeded
2026-08-05 23:05:45 | INFO     | app.services.analysis_queue | Analysis queue worker started
2026-08-05 23:05:45 | INFO     | app.services.email_queue | Queued verification VER-c054c8672fd04f4e for email delivery
2026-08-05 23:05:45 | INFO     | app.services.email_queue | Queued verification VER-d6b5e8d0d9c84ac6 for email delivery
2026-08-05 23:05:45 | INFO     | app.services.email_queue | Recovered 2 pending verification(s) into email queue
2026-08-05 23:05:45 | INFO     | app.services.email_queue | Verification email queue started
2026-08-05 23:05:49 | INFO     | app.services.email_queue | Verification email delivered for VER-c054c8672fd04f4e
2026-08-05 23:05:53 | INFO     | app.services.email_queue | Verification email delivered for VER-d6b5e8d0d9c84ac6
2026-08-05 23:06:26 | INFO     | app.document_detection.strategies.llm_gate | Document gate LLM: is_document=True detected=payslip doc_conf=100.0 type_conf=100.0
2026-08-05 23:06:40 | INFO     | app.document_detection.strategies.llm_gate | Document gate LLM: is_document=True detected=payslip doc_conf=100.0 type_conf=100.0
2026-08-05 23:06:54 | INFO     | __main__ | IMAP poll found 1 unread message(s)
2026-08-05 23:06:54 | INFO     | __main__ | Processing unread message: subject=[Application Verification: VER-d6b5e8d0d9c84ac6] message_id=None
2026-08-05 23:06:54 | INFO     | __main__ | Reply parsing: extracted='Please verify whether the attached document submitted by  is genuine and issued by your organisation.' normalized='please verify whether the attached document submitted by is genuine and issued by your organisation'
2026-08-05 23:06:54 | INFO     | __main__ | Verification VER-d6b5e8d0d9c84ac6 marked manual_review
2026-08-05 23:07:35 | INFO     | app.ocr_pipeline.document_extract | LLM payslip vision extraction complete (gemini_vision): filled=12
2026-08-05 23:08:13 | INFO     | app.services.email_queue | Queued verification VER-e519bfb228d642dd for email delivery
2026-08-05 23:08:17 | INFO     | app.services.email_queue | Verification email delivered for VER-e519bfb228d642dd
2026-08-05 23:09:00 | INFO     | __main__ | IMAP poll found 1 unread message(s)
2026-08-05 23:09:00 | INFO     | __main__ | Processing unread message: subject=Re: [Application Verification: VER-e519bfb228d642dd] message_id=	<AS8P251MB088691C32F2EF894CAB9ED0EA5D32@AS8P251MB0886.EURP251.PROD.OUTLOOK.COM>
2026-08-05 23:09:00 | INFO     | __main__ | Reply parsing: extracted='Approved' normalized='approved'
2026-08-05 23:09:00 | INFO     | __main__ | Verification VER-e519bfb228d642dd processed as verified
2026-08-06 12:50:54 | INFO     | app.db_migrate | Ensured branch_entries schema
2026-08-06 12:50:54 | INFO     | app.db_migrate | Ensured signature_records schema
2026-08-06 12:50:54 | INFO     | app.db_migrate | Ensured verifications schema
2026-08-06 12:50:54 | INFO     | app.db | Database initialized and seeded
2026-08-06 12:50:54 | INFO     | app.services.analysis_queue | Analysis queue worker started
2026-08-06 12:50:54 | INFO     | app.services.email_queue | Queued verification VER-c054c8672fd04f4e for email delivery
2026-08-06 12:50:54 | INFO     | app.services.email_queue | Recovered 1 pending verification(s) into email queue
2026-08-06 12:50:54 | INFO     | app.services.email_queue | Verification email queue started
2026-08-06 12:50:55 | INFO     | __main__ | Starting verification reply worker, polling every 60 seconds
2026-08-06 12:50:58 | INFO     | __main__ | IMAP poll found 1 unread message(s)
2026-08-06 12:50:58 | INFO     | __main__ | Processing unread message: subject=[THREAT REPORT] Inside a TDS-Powered ClickFix Malware Ecosystem message_id=<1785991040138.e3e2db4a-0012-4b8b-a7d9-a33ed7e35ce0@bf10x.hubspotemail.net>
2026-08-06 12:50:58 | WARNING  | __main__ | Verification ID not found in subject: [THREAT REPORT] Inside a TDS-Powered ClickFix Malware Ecosystem
2026-08-06 12:51:04 | INFO     | app.services.email_queue | Verification email delivered for VER-c054c8672fd04f4e
2026-08-06 12:52:37 | INFO     | app.services.signature_siamese | Loaded Siamese signature weights from E:\Document_Scan\models\signature_siamese.pt
2026-08-06 12:52:38 | INFO     | app.services.signature_siamese | Siamese signature compare: similarity=94.0%
2026-08-06 12:52:47 | INFO     | app.services.signature_siamese | Siamese signature compare: similarity=81.6%
2026-08-06 12:53:13 | INFO     | app.services.signature_siamese | Siamese signature compare: similarity=91.2%
2026-08-06 12:53:22 | INFO     | app.services.signature_siamese | Siamese signature compare: similarity=95.6%
2026-08-06 12:53:30 | INFO     | app.services.signature_siamese | Siamese signature compare: similarity=73.2%
2026-08-06 13:55:04 | INFO     | app.document_detection.strategies.llm_gate | Document gate LLM: is_document=True detected=payslip doc_conf=100.0 type_conf=100.0
2026-08-06 13:55:18 | INFO     | app.document_detection.strategies.llm_gate | Document gate LLM: is_document=True detected=payslip doc_conf=100.0 type_conf=100.0
2026-08-06 13:55:59 | INFO     | app.ocr_pipeline.document_extract | LLM payslip vision extraction complete (gemini_vision): filled=7
2026-08-06 13:58:54 | INFO     | app.document_detection.strategies.llm_gate | Document gate LLM: is_document=True detected=cnic doc_conf=100.0 type_conf=100.0
2026-08-06 13:59:07 | INFO     | app.document_detection.strategies.llm_gate | Document gate LLM: is_document=True detected=cnic doc_conf=100.0 type_conf=100.0
2026-08-06 13:59:23 | INFO     | app.ocr_pipeline.document_extract | LLM cnic vision extraction complete (gemini_vision): filled=1
2026-08-06 14:44:25 | INFO     | app.document_detection.strategies.llm_gate | Document gate LLM: is_document=True detected=payslip doc_conf=99.9 type_conf=99.9
2026-08-06 14:44:40 | INFO     | app.document_detection.strategies.llm_gate | Document gate LLM: is_document=True detected=payslip doc_conf=99.9 type_conf=99.9
2026-08-06 14:45:19 | INFO     | app.ocr_pipeline.document_extract | LLM payslip vision extraction complete (gemini_vision): filled=10
2026-08-06 14:46:56 | INFO     | app.document_detection.strategies.llm_gate | Document gate LLM: is_document=True detected=cnic doc_conf=99.9 type_conf=99.9
2026-08-06 14:47:09 | INFO     | app.document_detection.strategies.llm_gate | Document gate LLM: is_document=True detected=cnic doc_conf=99.9 type_conf=99.9
2026-08-06 14:47:25 | INFO     | app.ocr_pipeline.document_extract | LLM cnic vision extraction complete (gemini_vision): filled=1
2026-08-06 14:49:51 | ERROR    | app.services.imap_service | IMAP connection failed (check IMAP_HOST/PORT and network connectivity)
Traceback (most recent call last):
  File "E:\Document_Scan\app\services\imap_service.py", line 40, in fetch_unread_messages
    client = _connect()
             ^^^^^^^^^^
  File "E:\Document_Scan\app\services\imap_service.py", line 22, in _connect
    client = imaplib.IMAP4_SSL(config.IMAP_HOST, config.IMAP_PORT)
             ^^^^^^^^^^^^^^^^^^^^^^^^^^^^^^^^^^^^^^^^^^^^^^^^^^^^^
  File "C:\Users\syedh\AppData\Local\Programs\Python\Python311\Lib\imaplib.py", line 1323, in __init__
    IMAP4.__init__(self, host, port, timeout)
  File "C:\Users\syedh\AppData\Local\Programs\Python\Python311\Lib\imaplib.py", line 202, in __init__
    self.open(host, port, timeout)
  File "C:\Users\syedh\AppData\Local\Programs\Python\Python311\Lib\imaplib.py", line 1336, in open
    IMAP4.open(self, host, port, timeout)
  File "C:\Users\syedh\AppData\Local\Programs\Python\Python311\Lib\imaplib.py", line 312, in open
    self.sock = self._create_socket(timeout)
                ^^^^^^^^^^^^^^^^^^^^^^^^^^^^
  File "C:\Users\syedh\AppData\Local\Programs\Python\Python311\Lib\imaplib.py", line 1326, in _create_socket
    sock = IMAP4._create_socket(self, timeout)
           ^^^^^^^^^^^^^^^^^^^^^^^^^^^^^^^^^^^
  File "C:\Users\syedh\AppData\Local\Programs\Python\Python311\Lib\imaplib.py", line 302, in _create_socket
    return socket.create_connection(address)
           ^^^^^^^^^^^^^^^^^^^^^^^^^^^^^^^^^
  File "C:\Users\syedh\AppData\Local\Programs\Python\Python311\Lib\socket.py", line 826, in create_connection
    for res in getaddrinfo(host, port, 0, SOCK_STREAM):
               ^^^^^^^^^^^^^^^^^^^^^^^^^^^^^^^^^^^^^^^
  File "C:\Users\syedh\AppData\Local\Programs\Python\Python311\Lib\socket.py", line 961, in getaddrinfo
    for res in _socket.getaddrinfo(host, port, family, type, proto, flags):
               ^^^^^^^^^^^^^^^^^^^^^^^^^^^^^^^^^^^^^^^^^^^^^^^^^^^^^^^^^^^
socket.gaierror: [Errno 11001] getaddrinfo failed
2026-08-06 14:51:23 | INFO     | __main__ | Starting verification reply worker, polling every 60 seconds
2026-08-06 14:51:37 | INFO     | app.db_migrate | Ensured branch_entries schema
2026-08-06 14:51:37 | INFO     | app.db_migrate | Ensured signature_records schema
2026-08-06 14:51:37 | INFO     | app.db_migrate | Ensured verifications schema
2026-08-06 14:51:37 | INFO     | app.db | Database initialized and seeded
2026-08-06 14:51:37 | INFO     | app.services.analysis_queue | Analysis queue worker started
2026-08-06 14:51:37 | INFO     | app.services.email_queue | Verification email queue started
2026-08-06 14:56:54 | INFO     | app.document_detection.strategies.llm_gate | Document gate LLM: is_document=True detected=payslip doc_conf=100.0 type_conf=100.0
2026-08-06 15:00:09 | ERROR    | app.services.imap_service | IMAP connection failed (check IMAP_HOST/PORT and network connectivity)
Traceback (most recent call last):
  File "E:\Document_Scan\app\services\imap_service.py", line 40, in fetch_unread_messages
    client = _connect()
             ^^^^^^^^^^
  File "E:\Document_Scan\app\services\imap_service.py", line 22, in _connect
    client = imaplib.IMAP4_SSL(config.IMAP_HOST, config.IMAP_PORT)
             ^^^^^^^^^^^^^^^^^^^^^^^^^^^^^^^^^^^^^^^^^^^^^^^^^^^^^
  File "C:\Users\syedh\AppData\Local\Programs\Python\Python311\Lib\imaplib.py", line 1323, in __init__
    IMAP4.__init__(self, host, port, timeout)
  File "C:\Users\syedh\AppData\Local\Programs\Python\Python311\Lib\imaplib.py", line 202, in __init__
    self.open(host, port, timeout)
  File "C:\Users\syedh\AppData\Local\Programs\Python\Python311\Lib\imaplib.py", line 1336, in open
    IMAP4.open(self, host, port, timeout)
  File "C:\Users\syedh\AppData\Local\Programs\Python\Python311\Lib\imaplib.py", line 312, in open
    self.sock = self._create_socket(timeout)
                ^^^^^^^^^^^^^^^^^^^^^^^^^^^^
  File "C:\Users\syedh\AppData\Local\Programs\Python\Python311\Lib\imaplib.py", line 1326, in _create_socket
    sock = IMAP4._create_socket(self, timeout)
           ^^^^^^^^^^^^^^^^^^^^^^^^^^^^^^^^^^^
  File "C:\Users\syedh\AppData\Local\Programs\Python\Python311\Lib\imaplib.py", line 302, in _create_socket
    return socket.create_connection(address)
           ^^^^^^^^^^^^^^^^^^^^^^^^^^^^^^^^^
  File "C:\Users\syedh\AppData\Local\Programs\Python\Python311\Lib\socket.py", line 826, in create_connection
    for res in getaddrinfo(host, port, 0, SOCK_STREAM):
               ^^^^^^^^^^^^^^^^^^^^^^^^^^^^^^^^^^^^^^^
  File "C:\Users\syedh\AppData\Local\Programs\Python\Python311\Lib\socket.py", line 961, in getaddrinfo
    for res in _socket.getaddrinfo(host, port, family, type, proto, flags):
               ^^^^^^^^^^^^^^^^^^^^^^^^^^^^^^^^^^^^^^^^^^^^^^^^^^^^^^^^^^^
socket.gaierror: [Errno 11001] getaddrinfo failed
2026-08-06 15:40:12 | WARNING  | app.services.email_service | Unable to conclusively verify recipient testung123@3em.tech at ['3em.tech']: temporary or connection failure.
2026-08-06 15:40:22 | WARNING  | app.services.email_service | Unable to conclusively verify recipient testung123@3em.tech at ['3em.tech']: temporary or connection failure.
2026-08-06 15:40:22 | INFO     | app.services.email_queue | Queued verification VER-41469545b3b94383 for email delivery
2026-08-06 15:40:26 | ERROR    | app.services.email_service | SMTP send failed for host mail.3em.tech:465
Traceback (most recent call last):
  File "E:\Document_Scan\app\services\email_service.py", line 298, in send_verification_email
    smtp.send_message(message)
  File "C:\Users\syedh\AppData\Local\Programs\Python\Python311\Lib\smtplib.py", line 986, in send_message
    return self.sendmail(from_addr, to_addrs, flatmsg, mail_options,
           ^^^^^^^^^^^^^^^^^^^^^^^^^^^^^^^^^^^^^^^^^^^^^^^^^^^^^^^^^
  File "C:\Users\syedh\AppData\Local\Programs\Python\Python311\Lib\smtplib.py", line 901, in sendmail
    raise SMTPRecipientsRefused(senderrs)
smtplib.SMTPRecipientsRefused: {'testung123@3em.tech': (550, b'No Such User Here"')}
2026-08-06 15:40:26 | WARNING  | app.services.email_queue | Verification VER-41469545b3b94383 failed to send (SMTP send failed: {'testung123@3em.tech': (550, b'No Such User Here"')}). Retrying 1/3 after 2 seconds.
2026-08-06 15:40:28 | INFO     | app.services.email_queue | Queued verification VER-41469545b3b94383 for email delivery
2026-08-06 15:40:33 | ERROR    | app.services.email_service | SMTP send failed for host mail.3em.tech:465
Traceback (most recent call last):
  File "E:\Document_Scan\app\services\email_service.py", line 298, in send_verification_email
    smtp.send_message(message)
  File "C:\Users\syedh\AppData\Local\Programs\Python\Python311\Lib\smtplib.py", line 986, in send_message
    return self.sendmail(from_addr, to_addrs, flatmsg, mail_options,
           ^^^^^^^^^^^^^^^^^^^^^^^^^^^^^^^^^^^^^^^^^^^^^^^^^^^^^^^^^
  File "C:\Users\syedh\AppData\Local\Programs\Python\Python311\Lib\smtplib.py", line 901, in sendmail
    raise SMTPRecipientsRefused(senderrs)
smtplib.SMTPRecipientsRefused: {'testung123@3em.tech': (550, b'No Such User Here"')}
2026-08-06 15:40:33 | WARNING  | app.services.email_queue | Verification VER-41469545b3b94383 failed to send (SMTP send failed: {'testung123@3em.tech': (550, b'No Such User Here"')}). Retrying 2/3 after 4 seconds.
2026-08-06 15:40:37 | INFO     | app.services.email_queue | Queued verification VER-41469545b3b94383 for email delivery
2026-08-06 15:40:40 | ERROR    | app.services.email_service | SMTP send failed for host mail.3em.tech:465
Traceback (most recent call last):
  File "E:\Document_Scan\app\services\email_service.py", line 298, in send_verification_email
    smtp.send_message(message)
  File "C:\Users\syedh\AppData\Local\Programs\Python\Python311\Lib\smtplib.py", line 986, in send_message
    return self.sendmail(from_addr, to_addrs, flatmsg, mail_options,
           ^^^^^^^^^^^^^^^^^^^^^^^^^^^^^^^^^^^^^^^^^^^^^^^^^^^^^^^^^
  File "C:\Users\syedh\AppData\Local\Programs\Python\Python311\Lib\smtplib.py", line 901, in sendmail
    raise SMTPRecipientsRefused(senderrs)
smtplib.SMTPRecipientsRefused: {'testung123@3em.tech': (550, b'No Such User Here"')}
2026-08-06 15:40:40 | ERROR    | app.services.email_queue | Verification VER-41469545b3b94383 canceled after 3 retries: SMTP send failed: {'testung123@3em.tech': (550, b'No Such User Here"')}
2026-08-06 15:42:03 | WARNING  | app.services.email_service | Unable to conclusively verify recipient testung123@3em.tech at ['3em.tech']: temporary or connection failure.
2026-08-06 15:42:13 | WARNING  | app.services.email_service | Unable to conclusively verify recipient testung123@3em.tech at ['3em.tech']: temporary or connection failure.
2026-08-06 15:42:13 | INFO     | app.services.email_queue | Queued verification VER-1b913a0c39154231 for email delivery
2026-08-06 15:42:17 | ERROR    | app.services.email_service | SMTP send failed for host mail.3em.tech:465
Traceback (most recent call last):
  File "E:\Document_Scan\app\services\email_service.py", line 298, in send_verification_email
    smtp.send_message(message)
  File "C:\Users\syedh\AppData\Local\Programs\Python\Python311\Lib\smtplib.py", line 986, in send_message
    return self.sendmail(from_addr, to_addrs, flatmsg, mail_options,
           ^^^^^^^^^^^^^^^^^^^^^^^^^^^^^^^^^^^^^^^^^^^^^^^^^^^^^^^^^
  File "C:\Users\syedh\AppData\Local\Programs\Python\Python311\Lib\smtplib.py", line 901, in sendmail
    raise SMTPRecipientsRefused(senderrs)
smtplib.SMTPRecipientsRefused: {'testung123@3em.tech': (550, b'No Such User Here"')}
2026-08-06 15:42:17 | WARNING  | app.services.email_queue | Verification VER-1b913a0c39154231 failed to send (SMTP send failed: {'testung123@3em.tech': (550, b'No Such User Here"')}). Retrying 1/3 after 2 seconds.
2026-08-06 15:42:19 | INFO     | app.services.email_queue | Queued verification VER-1b913a0c39154231 for email delivery
2026-08-06 15:42:24 | ERROR    | app.services.email_service | SMTP send failed for host mail.3em.tech:465
Traceback (most recent call last):
  File "E:\Document_Scan\app\services\email_service.py", line 298, in send_verification_email
    smtp.send_message(message)
  File "C:\Users\syedh\AppData\Local\Programs\Python\Python311\Lib\smtplib.py", line 986, in send_message
    return self.sendmail(from_addr, to_addrs, flatmsg, mail_options,
           ^^^^^^^^^^^^^^^^^^^^^^^^^^^^^^^^^^^^^^^^^^^^^^^^^^^^^^^^^
  File "C:\Users\syedh\AppData\Local\Programs\Python\Python311\Lib\smtplib.py", line 901, in sendmail
    raise SMTPRecipientsRefused(senderrs)
smtplib.SMTPRecipientsRefused: {'testung123@3em.tech': (550, b'No Such User Here"')}
2026-08-06 15:42:24 | WARNING  | app.services.email_queue | Verification VER-1b913a0c39154231 failed to send (SMTP send failed: {'testung123@3em.tech': (550, b'No Such User Here"')}). Retrying 2/3 after 4 seconds.
2026-08-06 15:42:28 | INFO     | app.services.email_queue | Queued verification VER-1b913a0c39154231 for email delivery
2026-08-06 15:42:32 | ERROR    | app.services.email_service | SMTP send failed for host mail.3em.tech:465
Traceback (most recent call last):
  File "E:\Document_Scan\app\services\email_service.py", line 298, in send_verification_email
    smtp.send_message(message)
  File "C:\Users\syedh\AppData\Local\Programs\Python\Python311\Lib\smtplib.py", line 986, in send_message
    return self.sendmail(from_addr, to_addrs, flatmsg, mail_options,
           ^^^^^^^^^^^^^^^^^^^^^^^^^^^^^^^^^^^^^^^^^^^^^^^^^^^^^^^^^
  File "C:\Users\syedh\AppData\Local\Programs\Python\Python311\Lib\smtplib.py", line 901, in sendmail
    raise SMTPRecipientsRefused(senderrs)
smtplib.SMTPRecipientsRefused: {'testung123@3em.tech': (550, b'No Such User Here"')}
2026-08-06 15:42:32 | ERROR    | app.services.email_queue | Verification VER-1b913a0c39154231 canceled after 3 retries: SMTP send failed: {'testung123@3em.tech': (550, b'No Such User Here"')}
2026-08-06 15:43:07 | INFO     | __main__ | Starting verification reply worker, polling every 60 seconds
2026-08-06 15:48:35 | INFO     | app.db_migrate | Ensured branch_entries schema
2026-08-06 15:48:35 | INFO     | app.db_migrate | Ensured signature_records schema
2026-08-06 15:48:35 | INFO     | app.db_migrate | Ensured verifications schema
2026-08-06 15:48:35 | INFO     | app.db | Database initialized and seeded
2026-08-06 15:48:35 | INFO     | app.services.analysis_queue | Analysis queue worker started
2026-08-06 15:48:35 | INFO     | app.services.email_queue | Verification email queue started
2026-08-06 15:48:56 | WARNING  | app.services.email_service | Unable to conclusively verify recipient testung123@3em.tech at ['3em.tech']: temporary or connection failure.
2026-08-06 15:49:06 | WARNING  | app.services.email_service | Unable to conclusively verify recipient testung123@3em.tech at ['3em.tech']: temporary or connection failure.
2026-08-06 15:49:06 | INFO     | app.services.email_queue | Queued verification VER-3e716a8edd094891 for email delivery
2026-08-06 15:49:10 | ERROR    | app.services.email_service | SMTP send failed for host mail.3em.tech:465
Traceback (most recent call last):
  File "E:\Document_Scan\app\services\email_service.py", line 298, in send_verification_email
    smtp.send_message(message)
  File "C:\Users\syedh\AppData\Local\Programs\Python\Python311\Lib\smtplib.py", line 986, in send_message
    return self.sendmail(from_addr, to_addrs, flatmsg, mail_options,
           ^^^^^^^^^^^^^^^^^^^^^^^^^^^^^^^^^^^^^^^^^^^^^^^^^^^^^^^^^
  File "C:\Users\syedh\AppData\Local\Programs\Python\Python311\Lib\smtplib.py", line 901, in sendmail
    raise SMTPRecipientsRefused(senderrs)
smtplib.SMTPRecipientsRefused: {'testung123@3em.tech': (550, b'No Such User Here"')}
2026-08-06 15:49:10 | WARNING  | app.services.email_queue | Verification VER-3e716a8edd094891 failed to send (SMTP send failed: {'testung123@3em.tech': (550, b'No Such User Here"')}). Retrying 1/3 after 2 seconds.
2026-08-06 15:49:12 | INFO     | app.services.email_queue | Queued verification VER-3e716a8edd094891 for email delivery
2026-08-06 15:49:16 | ERROR    | app.services.email_service | SMTP send failed for host mail.3em.tech:465
Traceback (most recent call last):
  File "E:\Document_Scan\app\services\email_service.py", line 298, in send_verification_email
    smtp.send_message(message)
  File "C:\Users\syedh\AppData\Local\Programs\Python\Python311\Lib\smtplib.py", line 986, in send_message
    return self.sendmail(from_addr, to_addrs, flatmsg, mail_options,
           ^^^^^^^^^^^^^^^^^^^^^^^^^^^^^^^^^^^^^^^^^^^^^^^^^^^^^^^^^
  File "C:\Users\syedh\AppData\Local\Programs\Python\Python311\Lib\smtplib.py", line 901, in sendmail
    raise SMTPRecipientsRefused(senderrs)
smtplib.SMTPRecipientsRefused: {'testung123@3em.tech': (550, b'No Such User Here"')}
2026-08-06 15:49:16 | WARNING  | app.services.email_queue | Verification VER-3e716a8edd094891 failed to send (SMTP send failed: {'testung123@3em.tech': (550, b'No Such User Here"')}). Retrying 2/3 after 4 seconds.
2026-08-06 15:49:20 | INFO     | app.services.email_queue | Queued verification VER-3e716a8edd094891 for email delivery
2026-08-06 15:49:24 | ERROR    | app.services.email_service | SMTP send failed for host mail.3em.tech:465
Traceback (most recent call last):
  File "E:\Document_Scan\app\services\email_service.py", line 298, in send_verification_email
    smtp.send_message(message)
  File "C:\Users\syedh\AppData\Local\Programs\Python\Python311\Lib\smtplib.py", line 986, in send_message
    return self.sendmail(from_addr, to_addrs, flatmsg, mail_options,
           ^^^^^^^^^^^^^^^^^^^^^^^^^^^^^^^^^^^^^^^^^^^^^^^^^^^^^^^^^
  File "C:\Users\syedh\AppData\Local\Programs\Python\Python311\Lib\smtplib.py", line 901, in sendmail
    raise SMTPRecipientsRefused(senderrs)
smtplib.SMTPRecipientsRefused: {'testung123@3em.tech': (550, b'No Such User Here"')}
2026-08-06 15:49:24 | ERROR    | app.services.email_queue | Verification VER-3e716a8edd094891 canceled after 3 retries: SMTP send failed: {'testung123@3em.tech': (550, b'No Such User Here"')}
2026-08-06 15:50:21 | WARNING  | app.services.email_service | Unable to conclusively verify recipient m.ali@3em.tech at ['3em.tech']: temporary or connection failure.
2026-08-06 15:50:31 | WARNING  | app.services.email_service | Unable to conclusively verify recipient m.ali@3em.tech at ['3em.tech']: temporary or connection failure.
2026-08-06 15:50:31 | INFO     | app.services.email_queue | Queued verification VER-ac2a1a44c3584e89 for email delivery
2026-08-06 15:50:37 | INFO     | app.services.email_queue | Verification email delivered for VER-ac2a1a44c3584e89
2026-08-06 15:52:19 | INFO     | __main__ | IMAP poll found 1 unread message(s)
2026-08-06 15:52:19 | INFO     | __main__ | Processing unread message: subject=RE: [Application Verification: VER-ac2a1a44c3584e89] message_id=<003b01dd2591$9db392e0$d91ab8a0$@3em.tech>
2026-08-06 15:52:19 | INFO     | __main__ | Reply parsing: extracted='Approved' normalized='approved'
2026-08-06 15:52:19 | INFO     | __main__ | Verification VER-ac2a1a44c3584e89 processed as verified
2026-08-06 16:07:11 | INFO     | __main__ | Starting verification reply worker, polling every 60 seconds
2026-08-06 16:07:18 | INFO     | app.db_migrate | Ensured branch_entries schema
2026-08-06 16:07:18 | INFO     | app.db_migrate | Ensured signature_records schema
2026-08-06 16:07:18 | INFO     | app.db_migrate | Ensured verifications schema
2026-08-06 16:07:18 | INFO     | app.db | Database initialized and seeded
2026-08-06 16:07:18 | INFO     | app.services.analysis_queue | Analysis queue worker started
2026-08-06 16:07:18 | INFO     | app.services.email_queue | Verification email queue started
2026-08-06 16:14:19 | ERROR    | app.services.imap_service | IMAP connection failed (check IMAP_HOST/PORT and network connectivity)
Traceback (most recent call last):
  File "E:\Document_Scan\app\services\imap_service.py", line 40, in fetch_unread_messages
    client = _connect()
             ^^^^^^^^^^
  File "E:\Document_Scan\app\services\imap_service.py", line 22, in _connect
    client = imaplib.IMAP4_SSL(config.IMAP_HOST, config.IMAP_PORT)
             ^^^^^^^^^^^^^^^^^^^^^^^^^^^^^^^^^^^^^^^^^^^^^^^^^^^^^
  File "C:\Users\syedh\AppData\Local\Programs\Python\Python311\Lib\imaplib.py", line 1323, in __init__
    IMAP4.__init__(self, host, port, timeout)
  File "C:\Users\syedh\AppData\Local\Programs\Python\Python311\Lib\imaplib.py", line 202, in __init__
    self.open(host, port, timeout)
  File "C:\Users\syedh\AppData\Local\Programs\Python\Python311\Lib\imaplib.py", line 1336, in open
    IMAP4.open(self, host, port, timeout)
  File "C:\Users\syedh\AppData\Local\Programs\Python\Python311\Lib\imaplib.py", line 312, in open
    self.sock = self._create_socket(timeout)
                ^^^^^^^^^^^^^^^^^^^^^^^^^^^^
  File "C:\Users\syedh\AppData\Local\Programs\Python\Python311\Lib\imaplib.py", line 1326, in _create_socket
    sock = IMAP4._create_socket(self, timeout)
           ^^^^^^^^^^^^^^^^^^^^^^^^^^^^^^^^^^^
  File "C:\Users\syedh\AppData\Local\Programs\Python\Python311\Lib\imaplib.py", line 302, in _create_socket
    return socket.create_connection(address)
           ^^^^^^^^^^^^^^^^^^^^^^^^^^^^^^^^^
  File "C:\Users\syedh\AppData\Local\Programs\Python\Python311\Lib\socket.py", line 826, in create_connection
    for res in getaddrinfo(host, port, 0, SOCK_STREAM):
               ^^^^^^^^^^^^^^^^^^^^^^^^^^^^^^^^^^^^^^^
  File "C:\Users\syedh\AppData\Local\Programs\Python\Python311\Lib\socket.py", line 961, in getaddrinfo
    for res in _socket.getaddrinfo(host, port, family, type, proto, flags):
               ^^^^^^^^^^^^^^^^^^^^^^^^^^^^^^^^^^^^^^^^^^^^^^^^^^^^^^^^^^^
socket.gaierror: [Errno 11001] getaddrinfo failed
2026-08-06 16:21:29 | INFO     | app.document_detection.strategies.llm_gate | Document gate LLM: is_document=True detected=payslip doc_conf=100.0 type_conf=100.0
2026-08-06 16:21:43 | INFO     | app.document_detection.strategies.llm_gate | Document gate LLM: is_document=True detected=payslip doc_conf=100.0 type_conf=100.0
2026-08-06 16:22:36 | INFO     | app.document_detection.strategies.llm_gate | Document gate LLM: is_document=True detected=cnic doc_conf=99.9 type_conf=99.9
2026-08-06 16:22:49 | INFO     | app.document_detection.strategies.llm_gate | Document gate LLM: is_document=True detected=cnic doc_conf=99.9 type_conf=99.9
2026-08-06 16:23:03 | INFO     | app.ocr_pipeline.document_extract | LLM cnic vision extraction complete (gemini_vision): filled=1
2026-08-06 16:24:56 | INFO     | app.document_detection.strategies.llm_gate | Document gate LLM: is_document=True detected=payslip doc_conf=100.0 type_conf=100.0
2026-08-06 16:26:53 | INFO     | app.document_detection.strategies.llm_gate | Document gate LLM: is_document=True detected=payslip doc_conf=100.0 type_conf=100.0
2026-08-06 16:27:06 | INFO     | app.document_detection.strategies.llm_gate | Document gate LLM: is_document=True detected=payslip doc_conf=100.0 type_conf=100.0
2026-08-06 16:28:01 | INFO     | app.ocr_pipeline.document_extract | LLM payslip vision extraction complete (gemini_vision): filled=12
2026-08-06 16:30:26 | WARNING  | app.services.email_service | Unable to conclusively verify recipient bisma.shahid@tpsworldwide.com at ['tpsworldwide-com.mail.protection.outlook.com']: temporary or connection failure.
2026-08-06 16:31:06 | WARNING  | app.services.email_service | Unable to conclusively verify recipient bisma.shahid@tpsworldwide.com at ['tpsworldwide-com.mail.protection.outlook.com']: temporary or connection failure.
2026-08-06 16:31:06 | INFO     | app.services.email_queue | Queued verification VER-9109d19758d94583 for email delivery
2026-08-06 16:31:13 | INFO     | app.services.email_queue | Verification email delivered for VER-9109d19758d94583
2026-08-06 16:34:02 | WARNING  | app.services.email_service | Unable to conclusively verify recipient abc@tpsworldwide.com at ['tpsworldwide-com.mail.protection.outlook.com']: temporary or connection failure.
2026-08-06 16:34:42 | WARNING  | app.services.email_service | Unable to conclusively verify recipient abc@tpsworldwide.com at ['tpsworldwide-com.mail.protection.outlook.com']: temporary or connection failure.
2026-08-06 16:34:42 | INFO     | app.services.email_queue | Queued verification VER-3ce1bcd64f3c430d for email delivery
2026-08-06 16:34:47 | INFO     | app.services.email_queue | Verification email delivered for VER-3ce1bcd64f3c430d
2026-08-06 16:35:45 | INFO     | __main__ | IMAP poll found 1 unread message(s)
2026-08-06 16:35:45 | INFO     | __main__ | Processing unread message: subject=Mail delivery failed: returning message to sender message_id=<E1wrwN7-00000008TzN-0ZSk@s80.itlinkonline.com>
2026-08-06 16:35:45 | WARNING  | __main__ | Verification ID not found in subject: Mail delivery failed: returning message to sender
2026-08-06 16:39:32 | WARNING  | app.services.email_service | Unable to conclusively verify recipient bisma.shahid@tpsworldwide.com at ['tpsworldwide.com']: temporary or connection failure.
2026-08-06 16:39:52 | WARNING  | app.services.email_service | Unable to conclusively verify recipient bisma.shahid@tpsworldwide.com at ['tpsworldwide.com']: temporary or connection failure.
2026-08-06 16:39:52 | INFO     | app.services.email_queue | Queued verification VER-2fabe8c3049043a5 for email delivery
2026-08-06 16:39:55 | INFO     | app.services.email_queue | Verification email delivered for VER-2fabe8c3049043a5
2026-08-06 16:41:37 | WARNING  | app.services.email_service | Unable to conclusively verify recipient faraz.haq@tpsonline.com at ['tpsonline.com']: temporary or connection failure.
2026-08-06 16:41:57 | WARNING  | app.services.email_service | Unable to conclusively verify recipient faraz.haq@tpsonline.com at ['tpsonline.com']: temporary or connection failure.
2026-08-06 16:41:57 | INFO     | app.services.email_queue | Queued verification VER-0997e7bb5daf460f for email delivery
2026-08-06 16:42:00 | INFO     | app.services.email_queue | Verification email delivered for VER-0997e7bb5daf460f
2026-08-06 16:43:18 | WARNING  | app.services.email_service | Unable to conclusively verify recipient m.ali@3em.tech at ['3em.tech']: temporary or connection failure.
2026-08-06 16:43:38 | WARNING  | app.services.email_service | Unable to conclusively verify recipient m.ali@3em.tech at ['3em.tech']: temporary or connection failure.
2026-08-06 16:43:38 | INFO     | app.services.email_queue | Queued verification VER-f047c946949b4bec for email delivery
2026-08-06 16:43:40 | INFO     | app.services.email_queue | Verification email delivered for VER-f047c946949b4bec
2026-08-06 16:45:02 | WARNING  | app.services.email_service | Unable to conclusively verify recipient m.ali@3em.tech at ['3em.tech']: temporary or connection failure.
2026-08-06 16:45:12 | WARNING  | app.services.email_service | Unable to conclusively verify recipient m.ali@3em.tech at ['3em.tech']: temporary or connection failure.
2026-08-06 16:45:12 | INFO     | app.services.email_queue | Queued verification VER-eed71dcf18a04d73 for email delivery
2026-08-06 16:45:17 | INFO     | app.services.email_queue | Verification email delivered for VER-eed71dcf18a04d73
2026-08-06 16:50:19 | INFO     | app.services.ocr_service | Running OCR on image: _ocr_tmp.png
2026-08-06 16:51:01 | INFO     | app.services.ocr_service | Running OCR on image: _ocr_tmp.png
2026-08-06 16:51:49 | INFO     | app.services.analysis_queue | Queued application e493bee3-1603-4f0e-900a-d0196efe7835 for AI analysis
2026-08-06 16:51:49 | INFO     | app.routes.applications | Application e493bee3-1603-4f0e-900a-d0196efe7835 submitted for branch airport by Muhammad Ramzan (queued for AI)
2026-08-06 16:51:49 | INFO     | app.services.analysis_queue | Analyzing application e493bee3-1603-4f0e-900a-d0196efe7835
2026-08-06 16:51:49 | INFO     | app.services.verification_pipeline | Starting verification for applicant Muhammad Ramzan
2026-08-06 16:51:49 | INFO     | app.services.ocr_service | Running OCR on image: cnic_front.png
2026-08-06 16:51:50 | INFO     | app.services.gemini_service | Gemini vision extraction attempt 1/3 for cnic
2026-08-06 16:52:10 | INFO     | app.services.ocr_service | Running OCR on image: cnic_back.png
2026-08-06 16:52:10 | INFO     | app.services.gemini_service | Gemini vision extraction attempt 1/3 for cnic
2026-08-06 16:52:31 | INFO     | app.services.extraction_service | Filling CNIC gender from CNIC check digit: 'M'
2026-08-06 16:52:31 | INFO     | app.services.ocr_service | Running OCR on image: payslip.png
2026-08-06 16:52:32 | INFO     | app.services.gemini_service | Gemini vision extraction attempt 1/3 for payslip
2026-08-06 16:53:16 | INFO     | app.services.ocr_service | Running OCR on image: bank_statement.jpeg
2026-08-06 16:53:18 | INFO     | app.services.gemini_service | Gemini vision extraction attempt 1/3 for bank_statement
2026-08-06 16:54:02 | INFO     | app.services.verification_pipeline | Verification complete: REJECTED (score=0.0)
2026-08-06 16:54:02 | INFO     | app.services.analysis_queue | Completed analysis for e493bee3-1603-4f0e-900a-d0196efe7835
2026-08-06 16:58:24 | INFO     | app.services.signature_siamese | Loaded Siamese signature weights from E:\Document_Scan\models\signature_siamese.pt
2026-08-06 16:58:24 | INFO     | app.services.signature_siamese | Siamese signature compare: similarity=94.0%
2026-08-06 16:58:57 | INFO     | app.services.signature_siamese | Siamese signature compare: similarity=81.6%
2026-08-06 17:08:28 | ERROR    | app.services.imap_service | IMAP connection failed (check IMAP_HOST/PORT and network connectivity)
Traceback (most recent call last):
  File "E:\Document_Scan\app\services\imap_service.py", line 40, in fetch_unread_messages
    client = _connect()
             ^^^^^^^^^^
  File "E:\Document_Scan\app\services\imap_service.py", line 22, in _connect
    client = imaplib.IMAP4_SSL(config.IMAP_HOST, config.IMAP_PORT)
             ^^^^^^^^^^^^^^^^^^^^^^^^^^^^^^^^^^^^^^^^^^^^^^^^^^^^^
  File "C:\Users\syedh\AppData\Local\Programs\Python\Python311\Lib\imaplib.py", line 1323, in __init__
    IMAP4.__init__(self, host, port, timeout)
  File "C:\Users\syedh\AppData\Local\Programs\Python\Python311\Lib\imaplib.py", line 202, in __init__
    self.open(host, port, timeout)
  File "C:\Users\syedh\AppData\Local\Programs\Python\Python311\Lib\imaplib.py", line 1336, in open
    IMAP4.open(self, host, port, timeout)
  File "C:\Users\syedh\AppData\Local\Programs\Python\Python311\Lib\imaplib.py", line 312, in open
    self.sock = self._create_socket(timeout)
                ^^^^^^^^^^^^^^^^^^^^^^^^^^^^
  File "C:\Users\syedh\AppData\Local\Programs\Python\Python311\Lib\imaplib.py", line 1326, in _create_socket
    sock = IMAP4._create_socket(self, timeout)
           ^^^^^^^^^^^^^^^^^^^^^^^^^^^^^^^^^^^
  File "C:\Users\syedh\AppData\Local\Programs\Python\Python311\Lib\imaplib.py", line 302, in _create_socket
    return socket.create_connection(address)
           ^^^^^^^^^^^^^^^^^^^^^^^^^^^^^^^^^
  File "C:\Users\syedh\AppData\Local\Programs\Python\Python311\Lib\socket.py", line 826, in create_connection
    for res in getaddrinfo(host, port, 0, SOCK_STREAM):
               ^^^^^^^^^^^^^^^^^^^^^^^^^^^^^^^^^^^^^^^
  File "C:\Users\syedh\AppData\Local\Programs\Python\Python311\Lib\socket.py", line 961, in getaddrinfo
    for res in _socket.getaddrinfo(host, port, family, type, proto, flags):
               ^^^^^^^^^^^^^^^^^^^^^^^^^^^^^^^^^^^^^^^^^^^^^^^^^^^^^^^^^^^
socket.gaierror: [Errno 11001] getaddrinfo failed
2026-08-06 17:23:31 | ERROR    | app.services.imap_service | IMAP connection failed (check IMAP_HOST/PORT and network connectivity)
Traceback (most recent call last):
  File "E:\Document_Scan\app\services\imap_service.py", line 40, in fetch_unread_messages
    client = _connect()
             ^^^^^^^^^^
  File "E:\Document_Scan\app\services\imap_service.py", line 22, in _connect
    client = imaplib.IMAP4_SSL(config.IMAP_HOST, config.IMAP_PORT)
             ^^^^^^^^^^^^^^^^^^^^^^^^^^^^^^^^^^^^^^^^^^^^^^^^^^^^^
  File "C:\Users\syedh\AppData\Local\Programs\Python\Python311\Lib\imaplib.py", line 1323, in __init__
    IMAP4.__init__(self, host, port, timeout)
  File "C:\Users\syedh\AppData\Local\Programs\Python\Python311\Lib\imaplib.py", line 202, in __init__
    self.open(host, port, timeout)
  File "C:\Users\syedh\AppData\Local\Programs\Python\Python311\Lib\imaplib.py", line 1336, in open
    IMAP4.open(self, host, port, timeout)
  File "C:\Users\syedh\AppData\Local\Programs\Python\Python311\Lib\imaplib.py", line 312, in open
    self.sock = self._create_socket(timeout)
                ^^^^^^^^^^^^^^^^^^^^^^^^^^^^
  File "C:\Users\syedh\AppData\Local\Programs\Python\Python311\Lib\imaplib.py", line 1326, in _create_socket
    sock = IMAP4._create_socket(self, timeout)
           ^^^^^^^^^^^^^^^^^^^^^^^^^^^^^^^^^^^
  File "C:\Users\syedh\AppData\Local\Programs\Python\Python311\Lib\imaplib.py", line 302, in _create_socket
    return socket.create_connection(address)
           ^^^^^^^^^^^^^^^^^^^^^^^^^^^^^^^^^
  File "C:\Users\syedh\AppData\Local\Programs\Python\Python311\Lib\socket.py", line 826, in create_connection
    for res in getaddrinfo(host, port, 0, SOCK_STREAM):
               ^^^^^^^^^^^^^^^^^^^^^^^^^^^^^^^^^^^^^^^
  File "C:\Users\syedh\AppData\Local\Programs\Python\Python311\Lib\socket.py", line 961, in getaddrinfo
    for res in _socket.getaddrinfo(host, port, family, type, proto, flags):
               ^^^^^^^^^^^^^^^^^^^^^^^^^^^^^^^^^^^^^^^^^^^^^^^^^^^^^^^^^^^
socket.gaierror: [Errno 11001] getaddrinfo failed
2026-08-06 17:24:31 | ERROR    | app.services.imap_service | IMAP connection failed (check IMAP_HOST/PORT and network connectivity)
Traceback (most recent call last):
  File "E:\Document_Scan\app\services\imap_service.py", line 40, in fetch_unread_messages
    client = _connect()
             ^^^^^^^^^^
  File "E:\Document_Scan\app\services\imap_service.py", line 22, in _connect
    client = imaplib.IMAP4_SSL(config.IMAP_HOST, config.IMAP_PORT)
             ^^^^^^^^^^^^^^^^^^^^^^^^^^^^^^^^^^^^^^^^^^^^^^^^^^^^^
  File "C:\Users\syedh\AppData\Local\Programs\Python\Python311\Lib\imaplib.py", line 1323, in __init__
    IMAP4.__init__(self, host, port, timeout)
  File "C:\Users\syedh\AppData\Local\Programs\Python\Python311\Lib\imaplib.py", line 202, in __init__
    self.open(host, port, timeout)
  File "C:\Users\syedh\AppData\Local\Programs\Python\Python311\Lib\imaplib.py", line 1336, in open
    IMAP4.open(self, host, port, timeout)
  File "C:\Users\syedh\AppData\Local\Programs\Python\Python311\Lib\imaplib.py", line 312, in open
    self.sock = self._create_socket(timeout)
                ^^^^^^^^^^^^^^^^^^^^^^^^^^^^
  File "C:\Users\syedh\AppData\Local\Programs\Python\Python311\Lib\imaplib.py", line 1326, in _create_socket
    sock = IMAP4._create_socket(self, timeout)
           ^^^^^^^^^^^^^^^^^^^^^^^^^^^^^^^^^^^
  File "C:\Users\syedh\AppData\Local\Programs\Python\Python311\Lib\imaplib.py", line 302, in _create_socket
    return socket.create_connection(address)
           ^^^^^^^^^^^^^^^^^^^^^^^^^^^^^^^^^
  File "C:\Users\syedh\AppData\Local\Programs\Python\Python311\Lib\socket.py", line 826, in create_connection
    for res in getaddrinfo(host, port, 0, SOCK_STREAM):
               ^^^^^^^^^^^^^^^^^^^^^^^^^^^^^^^^^^^^^^^
  File "C:\Users\syedh\AppData\Local\Programs\Python\Python311\Lib\socket.py", line 961, in getaddrinfo
    for res in _socket.getaddrinfo(host, port, family, type, proto, flags):
               ^^^^^^^^^^^^^^^^^^^^^^^^^^^^^^^^^^^^^^^^^^^^^^^^^^^^^^^^^^^
socket.gaierror: [Errno 11001] getaddrinfo failed
2026-08-06 17:25:31 | ERROR    | app.services.imap_service | IMAP connection failed (check IMAP_HOST/PORT and network connectivity)
Traceback (most recent call last):
  File "E:\Document_Scan\app\services\imap_service.py", line 40, in fetch_unread_messages
    client = _connect()
             ^^^^^^^^^^
  File "E:\Document_Scan\app\services\imap_service.py", line 22, in _connect
    client = imaplib.IMAP4_SSL(config.IMAP_HOST, config.IMAP_PORT)
             ^^^^^^^^^^^^^^^^^^^^^^^^^^^^^^^^^^^^^^^^^^^^^^^^^^^^^
  File "C:\Users\syedh\AppData\Local\Programs\Python\Python311\Lib\imaplib.py", line 1323, in __init__
    IMAP4.__init__(self, host, port, timeout)
  File "C:\Users\syedh\AppData\Local\Programs\Python\Python311\Lib\imaplib.py", line 202, in __init__
    self.open(host, port, timeout)
  File "C:\Users\syedh\AppData\Local\Programs\Python\Python311\Lib\imaplib.py", line 1336, in open
    IMAP4.open(self, host, port, timeout)
  File "C:\Users\syedh\AppData\Local\Programs\Python\Python311\Lib\imaplib.py", line 312, in open
    self.sock = self._create_socket(timeout)
                ^^^^^^^^^^^^^^^^^^^^^^^^^^^^
  File "C:\Users\syedh\AppData\Local\Programs\Python\Python311\Lib\imaplib.py", line 1326, in _create_socket
    sock = IMAP4._create_socket(self, timeout)
           ^^^^^^^^^^^^^^^^^^^^^^^^^^^^^^^^^^^
  File "C:\Users\syedh\AppData\Local\Programs\Python\Python311\Lib\imaplib.py", line 302, in _create_socket
    return socket.create_connection(address)
           ^^^^^^^^^^^^^^^^^^^^^^^^^^^^^^^^^
  File "C:\Users\syedh\AppData\Local\Programs\Python\Python311\Lib\socket.py", line 826, in create_connection
    for res in getaddrinfo(host, port, 0, SOCK_STREAM):
               ^^^^^^^^^^^^^^^^^^^^^^^^^^^^^^^^^^^^^^^
  File "C:\Users\syedh\AppData\Local\Programs\Python\Python311\Lib\socket.py", line 961, in getaddrinfo
    for res in _socket.getaddrinfo(host, port, family, type, proto, flags):
               ^^^^^^^^^^^^^^^^^^^^^^^^^^^^^^^^^^^^^^^^^^^^^^^^^^^^^^^^^^^
socket.gaierror: [Errno 11001] getaddrinfo failed
2026-08-06 17:26:31 | ERROR    | app.services.imap_service | IMAP connection failed (check IMAP_HOST/PORT and network connectivity)
Traceback (most recent call last):
  File "E:\Document_Scan\app\services\imap_service.py", line 40, in fetch_unread_messages
    client = _connect()
             ^^^^^^^^^^
  File "E:\Document_Scan\app\services\imap_service.py", line 22, in _connect
    client = imaplib.IMAP4_SSL(config.IMAP_HOST, config.IMAP_PORT)
             ^^^^^^^^^^^^^^^^^^^^^^^^^^^^^^^^^^^^^^^^^^^^^^^^^^^^^
  File "C:\Users\syedh\AppData\Local\Programs\Python\Python311\Lib\imaplib.py", line 1323, in __init__
    IMAP4.__init__(self, host, port, timeout)
  File "C:\Users\syedh\AppData\Local\Programs\Python\Python311\Lib\imaplib.py", line 202, in __init__
    self.open(host, port, timeout)
  File "C:\Users\syedh\AppData\Local\Programs\Python\Python311\Lib\imaplib.py", line 1336, in open
    IMAP4.open(self, host, port, timeout)
  File "C:\Users\syedh\AppData\Local\Programs\Python\Python311\Lib\imaplib.py", line 312, in open
    self.sock = self._create_socket(timeout)
                ^^^^^^^^^^^^^^^^^^^^^^^^^^^^
  File "C:\Users\syedh\AppData\Local\Programs\Python\Python311\Lib\imaplib.py", line 1326, in _create_socket
    sock = IMAP4._create_socket(self, timeout)
           ^^^^^^^^^^^^^^^^^^^^^^^^^^^^^^^^^^^
  File "C:\Users\syedh\AppData\Local\Programs\Python\Python311\Lib\imaplib.py", line 302, in _create_socket
    return socket.create_connection(address)
           ^^^^^^^^^^^^^^^^^^^^^^^^^^^^^^^^^
  File "C:\Users\syedh\AppData\Local\Programs\Python\Python311\Lib\socket.py", line 826, in create_connection
    for res in getaddrinfo(host, port, 0, SOCK_STREAM):
               ^^^^^^^^^^^^^^^^^^^^^^^^^^^^^^^^^^^^^^^
  File "C:\Users\syedh\AppData\Local\Programs\Python\Python311\Lib\socket.py", line 961, in getaddrinfo
    for res in _socket.getaddrinfo(host, port, family, type, proto, flags):
               ^^^^^^^^^^^^^^^^^^^^^^^^^^^^^^^^^^^^^^^^^^^^^^^^^^^^^^^^^^^
socket.gaierror: [Errno 11001] getaddrinfo failed
2026-08-06 17:44:56 | ERROR    | app.services.imap_service | IMAP connection failed (check IMAP_HOST/PORT and network connectivity)
Traceback (most recent call last):
  File "E:\Document_Scan\app\services\imap_service.py", line 40, in fetch_unread_messages
    client = _connect()
             ^^^^^^^^^^
  File "E:\Document_Scan\app\services\imap_service.py", line 22, in _connect
    client = imaplib.IMAP4_SSL(config.IMAP_HOST, config.IMAP_PORT)
             ^^^^^^^^^^^^^^^^^^^^^^^^^^^^^^^^^^^^^^^^^^^^^^^^^^^^^
  File "C:\Users\syedh\AppData\Local\Programs\Python\Python311\Lib\imaplib.py", line 1323, in __init__
    IMAP4.__init__(self, host, port, timeout)
  File "C:\Users\syedh\AppData\Local\Programs\Python\Python311\Lib\imaplib.py", line 202, in __init__
    self.open(host, port, timeout)
  File "C:\Users\syedh\AppData\Local\Programs\Python\Python311\Lib\imaplib.py", line 1336, in open
    IMAP4.open(self, host, port, timeout)
  File "C:\Users\syedh\AppData\Local\Programs\Python\Python311\Lib\imaplib.py", line 312, in open
    self.sock = self._create_socket(timeout)
                ^^^^^^^^^^^^^^^^^^^^^^^^^^^^
  File "C:\Users\syedh\AppData\Local\Programs\Python\Python311\Lib\imaplib.py", line 1326, in _create_socket
    sock = IMAP4._create_socket(self, timeout)
           ^^^^^^^^^^^^^^^^^^^^^^^^^^^^^^^^^^^
  File "C:\Users\syedh\AppData\Local\Programs\Python\Python311\Lib\imaplib.py", line 302, in _create_socket
    return socket.create_connection(address)
           ^^^^^^^^^^^^^^^^^^^^^^^^^^^^^^^^^
  File "C:\Users\syedh\AppData\Local\Programs\Python\Python311\Lib\socket.py", line 826, in create_connection
    for res in getaddrinfo(host, port, 0, SOCK_STREAM):
               ^^^^^^^^^^^^^^^^^^^^^^^^^^^^^^^^^^^^^^^
  File "C:\Users\syedh\AppData\Local\Programs\Python\Python311\Lib\socket.py", line 961, in getaddrinfo
    for res in _socket.getaddrinfo(host, port, family, type, proto, flags):
               ^^^^^^^^^^^^^^^^^^^^^^^^^^^^^^^^^^^^^^^^^^^^^^^^^^^^^^^^^^^
socket.gaierror: [Errno 11001] getaddrinfo failed
2026-08-06 17:45:56 | ERROR    | app.services.imap_service | IMAP connection failed (check IMAP_HOST/PORT and network connectivity)
Traceback (most recent call last):
  File "E:\Document_Scan\app\services\imap_service.py", line 40, in fetch_unread_messages
    client = _connect()
             ^^^^^^^^^^
  File "E:\Document_Scan\app\services\imap_service.py", line 22, in _connect
    client = imaplib.IMAP4_SSL(config.IMAP_HOST, config.IMAP_PORT)
             ^^^^^^^^^^^^^^^^^^^^^^^^^^^^^^^^^^^^^^^^^^^^^^^^^^^^^
  File "C:\Users\syedh\AppData\Local\Programs\Python\Python311\Lib\imaplib.py", line 1323, in __init__
    IMAP4.__init__(self, host, port, timeout)
  File "C:\Users\syedh\AppData\Local\Programs\Python\Python311\Lib\imaplib.py", line 202, in __init__
    self.open(host, port, timeout)
  File "C:\Users\syedh\AppData\Local\Programs\Python\Python311\Lib\imaplib.py", line 1336, in open
    IMAP4.open(self, host, port, timeout)
  File "C:\Users\syedh\AppData\Local\Programs\Python\Python311\Lib\imaplib.py", line 312, in open
    self.sock = self._create_socket(timeout)
                ^^^^^^^^^^^^^^^^^^^^^^^^^^^^
  File "C:\Users\syedh\AppData\Local\Programs\Python\Python311\Lib\imaplib.py", line 1326, in _create_socket
    sock = IMAP4._create_socket(self, timeout)
           ^^^^^^^^^^^^^^^^^^^^^^^^^^^^^^^^^^^
  File "C:\Users\syedh\AppData\Local\Programs\Python\Python311\Lib\imaplib.py", line 302, in _create_socket
    return socket.create_connection(address)
           ^^^^^^^^^^^^^^^^^^^^^^^^^^^^^^^^^
  File "C:\Users\syedh\AppData\Local\Programs\Python\Python311\Lib\socket.py", line 826, in create_connection
    for res in getaddrinfo(host, port, 0, SOCK_STREAM):
               ^^^^^^^^^^^^^^^^^^^^^^^^^^^^^^^^^^^^^^^
  File "C:\Users\syedh\AppData\Local\Programs\Python\Python311\Lib\socket.py", line 961, in getaddrinfo
    for res in _socket.getaddrinfo(host, port, family, type, proto, flags):
               ^^^^^^^^^^^^^^^^^^^^^^^^^^^^^^^^^^^^^^^^^^^^^^^^^^^^^^^^^^^
socket.gaierror: [Errno 11001] getaddrinfo failed
2026-08-06 17:46:56 | ERROR    | app.services.imap_service | IMAP connection failed (check IMAP_HOST/PORT and network connectivity)
Traceback (most recent call last):
  File "E:\Document_Scan\app\services\imap_service.py", line 40, in fetch_unread_messages
    client = _connect()
             ^^^^^^^^^^
  File "E:\Document_Scan\app\services\imap_service.py", line 22, in _connect
    client = imaplib.IMAP4_SSL(config.IMAP_HOST, config.IMAP_PORT)
             ^^^^^^^^^^^^^^^^^^^^^^^^^^^^^^^^^^^^^^^^^^^^^^^^^^^^^
  File "C:\Users\syedh\AppData\Local\Programs\Python\Python311\Lib\imaplib.py", line 1323, in __init__
    IMAP4.__init__(self, host, port, timeout)
  File "C:\Users\syedh\AppData\Local\Programs\Python\Python311\Lib\imaplib.py", line 202, in __init__
    self.open(host, port, timeout)
  File "C:\Users\syedh\AppData\Local\Programs\Python\Python311\Lib\imaplib.py", line 1336, in open
    IMAP4.open(self, host, port, timeout)
  File "C:\Users\syedh\AppData\Local\Programs\Python\Python311\Lib\imaplib.py", line 312, in open
    self.sock = self._create_socket(timeout)
                ^^^^^^^^^^^^^^^^^^^^^^^^^^^^
  File "C:\Users\syedh\AppData\Local\Programs\Python\Python311\Lib\imaplib.py", line 1326, in _create_socket
    sock = IMAP4._create_socket(self, timeout)
           ^^^^^^^^^^^^^^^^^^^^^^^^^^^^^^^^^^^
  File "C:\Users\syedh\AppData\Local\Programs\Python\Python311\Lib\imaplib.py", line 302, in _create_socket
    return socket.create_connection(address)
           ^^^^^^^^^^^^^^^^^^^^^^^^^^^^^^^^^
  File "C:\Users\syedh\AppData\Local\Programs\Python\Python311\Lib\socket.py", line 826, in create_connection
    for res in getaddrinfo(host, port, 0, SOCK_STREAM):
               ^^^^^^^^^^^^^^^^^^^^^^^^^^^^^^^^^^^^^^^
  File "C:\Users\syedh\AppData\Local\Programs\Python\Python311\Lib\socket.py", line 961, in getaddrinfo
    for res in _socket.getaddrinfo(host, port, family, type, proto, flags):
               ^^^^^^^^^^^^^^^^^^^^^^^^^^^^^^^^^^^^^^^^^^^^^^^^^^^^^^^^^^^
socket.gaierror: [Errno 11001] getaddrinfo failed
2026-08-06 17:47:56 | ERROR    | app.services.imap_service | IMAP connection failed (check IMAP_HOST/PORT and network connectivity)
Traceback (most recent call last):
  File "E:\Document_Scan\app\services\imap_service.py", line 40, in fetch_unread_messages
    client = _connect()
             ^^^^^^^^^^
  File "E:\Document_Scan\app\services\imap_service.py", line 22, in _connect
    client = imaplib.IMAP4_SSL(config.IMAP_HOST, config.IMAP_PORT)
             ^^^^^^^^^^^^^^^^^^^^^^^^^^^^^^^^^^^^^^^^^^^^^^^^^^^^^
  File "C:\Users\syedh\AppData\Local\Programs\Python\Python311\Lib\imaplib.py", line 1323, in __init__
    IMAP4.__init__(self, host, port, timeout)
  File "C:\Users\syedh\AppData\Local\Programs\Python\Python311\Lib\imaplib.py", line 202, in __init__
    self.open(host, port, timeout)
  File "C:\Users\syedh\AppData\Local\Programs\Python\Python311\Lib\imaplib.py", line 1336, in open
    IMAP4.open(self, host, port, timeout)
  File "C:\Users\syedh\AppData\Local\Programs\Python\Python311\Lib\imaplib.py", line 312, in open
    self.sock = self._create_socket(timeout)
                ^^^^^^^^^^^^^^^^^^^^^^^^^^^^
  File "C:\Users\syedh\AppData\Local\Programs\Python\Python311\Lib\imaplib.py", line 1326, in _create_socket
    sock = IMAP4._create_socket(self, timeout)
           ^^^^^^^^^^^^^^^^^^^^^^^^^^^^^^^^^^^
  File "C:\Users\syedh\AppData\Local\Programs\Python\Python311\Lib\imaplib.py", line 302, in _create_socket
    return socket.create_connection(address)
           ^^^^^^^^^^^^^^^^^^^^^^^^^^^^^^^^^
  File "C:\Users\syedh\AppData\Local\Programs\Python\Python311\Lib\socket.py", line 826, in create_connection
    for res in getaddrinfo(host, port, 0, SOCK_STREAM):
               ^^^^^^^^^^^^^^^^^^^^^^^^^^^^^^^^^^^^^^^
  File "C:\Users\syedh\AppData\Local\Programs\Python\Python311\Lib\socket.py", line 961, in getaddrinfo
    for res in _socket.getaddrinfo(host, port, family, type, proto, flags):
               ^^^^^^^^^^^^^^^^^^^^^^^^^^^^^^^^^^^^^^^^^^^^^^^^^^^^^^^^^^^
socket.gaierror: [Errno 11001] getaddrinfo failed
2026-08-06 17:48:56 | ERROR    | app.services.imap_service | IMAP connection failed (check IMAP_HOST/PORT and network connectivity)
Traceback (most recent call last):
  File "E:\Document_Scan\app\services\imap_service.py", line 40, in fetch_unread_messages
    client = _connect()
             ^^^^^^^^^^
  File "E:\Document_Scan\app\services\imap_service.py", line 22, in _connect
    client = imaplib.IMAP4_SSL(config.IMAP_HOST, config.IMAP_PORT)
             ^^^^^^^^^^^^^^^^^^^^^^^^^^^^^^^^^^^^^^^^^^^^^^^^^^^^^
  File "C:\Users\syedh\AppData\Local\Programs\Python\Python311\Lib\imaplib.py", line 1323, in __init__
    IMAP4.__init__(self, host, port, timeout)
  File "C:\Users\syedh\AppData\Local\Programs\Python\Python311\Lib\imaplib.py", line 202, in __init__
    self.open(host, port, timeout)
  File "C:\Users\syedh\AppData\Local\Programs\Python\Python311\Lib\imaplib.py", line 1336, in open
    IMAP4.open(self, host, port, timeout)
  File "C:\Users\syedh\AppData\Local\Programs\Python\Python311\Lib\imaplib.py", line 312, in open
    self.sock = self._create_socket(timeout)
                ^^^^^^^^^^^^^^^^^^^^^^^^^^^^
  File "C:\Users\syedh\AppData\Local\Programs\Python\Python311\Lib\imaplib.py", line 1326, in _create_socket
    sock = IMAP4._create_socket(self, timeout)
           ^^^^^^^^^^^^^^^^^^^^^^^^^^^^^^^^^^^
  File "C:\Users\syedh\AppData\Local\Programs\Python\Python311\Lib\imaplib.py", line 302, in _create_socket
    return socket.create_connection(address)
           ^^^^^^^^^^^^^^^^^^^^^^^^^^^^^^^^^
  File "C:\Users\syedh\AppData\Local\Programs\Python\Python311\Lib\socket.py", line 826, in create_connection
    for res in getaddrinfo(host, port, 0, SOCK_STREAM):
               ^^^^^^^^^^^^^^^^^^^^^^^^^^^^^^^^^^^^^^^
  File "C:\Users\syedh\AppData\Local\Programs\Python\Python311\Lib\socket.py", line 961, in getaddrinfo
    for res in _socket.getaddrinfo(host, port, family, type, proto, flags):
               ^^^^^^^^^^^^^^^^^^^^^^^^^^^^^^^^^^^^^^^^^^^^^^^^^^^^^^^^^^^
socket.gaierror: [Errno 11001] getaddrinfo failed
2026-08-06 17:49:56 | ERROR    | app.services.imap_service | IMAP connection failed (check IMAP_HOST/PORT and network connectivity)
Traceback (most recent call last):
  File "E:\Document_Scan\app\services\imap_service.py", line 40, in fetch_unread_messages
    client = _connect()
             ^^^^^^^^^^
  File "E:\Document_Scan\app\services\imap_service.py", line 22, in _connect
    client = imaplib.IMAP4_SSL(config.IMAP_HOST, config.IMAP_PORT)
             ^^^^^^^^^^^^^^^^^^^^^^^^^^^^^^^^^^^^^^^^^^^^^^^^^^^^^
  File "C:\Users\syedh\AppData\Local\Programs\Python\Python311\Lib\imaplib.py", line 1323, in __init__
    IMAP4.__init__(self, host, port, timeout)
  File "C:\Users\syedh\AppData\Local\Programs\Python\Python311\Lib\imaplib.py", line 202, in __init__
    self.open(host, port, timeout)
  File "C:\Users\syedh\AppData\Local\Programs\Python\Python311\Lib\imaplib.py", line 1336, in open
    IMAP4.open(self, host, port, timeout)
  File "C:\Users\syedh\AppData\Local\Programs\Python\Python311\Lib\imaplib.py", line 312, in open
    self.sock = self._create_socket(timeout)
                ^^^^^^^^^^^^^^^^^^^^^^^^^^^^
  File "C:\Users\syedh\AppData\Local\Programs\Python\Python311\Lib\imaplib.py", line 1326, in _create_socket
    sock = IMAP4._create_socket(self, timeout)
           ^^^^^^^^^^^^^^^^^^^^^^^^^^^^^^^^^^^
  File "C:\Users\syedh\AppData\Local\Programs\Python\Python311\Lib\imaplib.py", line 302, in _create_socket
    return socket.create_connection(address)
           ^^^^^^^^^^^^^^^^^^^^^^^^^^^^^^^^^
  File "C:\Users\syedh\AppData\Local\Programs\Python\Python311\Lib\socket.py", line 826, in create_connection
    for res in getaddrinfo(host, port, 0, SOCK_STREAM):
               ^^^^^^^^^^^^^^^^^^^^^^^^^^^^^^^^^^^^^^^
  File "C:\Users\syedh\AppData\Local\Programs\Python\Python311\Lib\socket.py", line 961, in getaddrinfo
    for res in _socket.getaddrinfo(host, port, family, type, proto, flags):
               ^^^^^^^^^^^^^^^^^^^^^^^^^^^^^^^^^^^^^^^^^^^^^^^^^^^^^^^^^^^
socket.gaierror: [Errno 11001] getaddrinfo failed
2026-08-06 17:50:56 | ERROR    | app.services.imap_service | IMAP connection failed (check IMAP_HOST/PORT and network connectivity)
Traceback (most recent call last):
  File "E:\Document_Scan\app\services\imap_service.py", line 40, in fetch_unread_messages
    client = _connect()
             ^^^^^^^^^^
  File "E:\Document_Scan\app\services\imap_service.py", line 22, in _connect
    client = imaplib.IMAP4_SSL(config.IMAP_HOST, config.IMAP_PORT)
             ^^^^^^^^^^^^^^^^^^^^^^^^^^^^^^^^^^^^^^^^^^^^^^^^^^^^^
  File "C:\Users\syedh\AppData\Local\Programs\Python\Python311\Lib\imaplib.py", line 1323, in __init__
    IMAP4.__init__(self, host, port, timeout)
  File "C:\Users\syedh\AppData\Local\Programs\Python\Python311\Lib\imaplib.py", line 202, in __init__
    self.open(host, port, timeout)
  File "C:\Users\syedh\AppData\Local\Programs\Python\Python311\Lib\imaplib.py", line 1336, in open
    IMAP4.open(self, host, port, timeout)
  File "C:\Users\syedh\AppData\Local\Programs\Python\Python311\Lib\imaplib.py", line 312, in open
    self.sock = self._create_socket(timeout)
                ^^^^^^^^^^^^^^^^^^^^^^^^^^^^
  File "C:\Users\syedh\AppData\Local\Programs\Python\Python311\Lib\imaplib.py", line 1326, in _create_socket
    sock = IMAP4._create_socket(self, timeout)
           ^^^^^^^^^^^^^^^^^^^^^^^^^^^^^^^^^^^
  File "C:\Users\syedh\AppData\Local\Programs\Python\Python311\Lib\imaplib.py", line 302, in _create_socket
    return socket.create_connection(address)
           ^^^^^^^^^^^^^^^^^^^^^^^^^^^^^^^^^
  File "C:\Users\syedh\AppData\Local\Programs\Python\Python311\Lib\socket.py", line 826, in create_connection
    for res in getaddrinfo(host, port, 0, SOCK_STREAM):
               ^^^^^^^^^^^^^^^^^^^^^^^^^^^^^^^^^^^^^^^
  File "C:\Users\syedh\AppData\Local\Programs\Python\Python311\Lib\socket.py", line 961, in getaddrinfo
    for res in _socket.getaddrinfo(host, port, family, type, proto, flags):
               ^^^^^^^^^^^^^^^^^^^^^^^^^^^^^^^^^^^^^^^^^^^^^^^^^^^^^^^^^^^
socket.gaierror: [Errno 11001] getaddrinfo failed
2026-08-06 17:51:56 | ERROR    | app.services.imap_service | IMAP connection failed (check IMAP_HOST/PORT and network connectivity)
Traceback (most recent call last):
  File "E:\Document_Scan\app\services\imap_service.py", line 40, in fetch_unread_messages
    client = _connect()
             ^^^^^^^^^^
  File "E:\Document_Scan\app\services\imap_service.py", line 22, in _connect
    client = imaplib.IMAP4_SSL(config.IMAP_HOST, config.IMAP_PORT)
             ^^^^^^^^^^^^^^^^^^^^^^^^^^^^^^^^^^^^^^^^^^^^^^^^^^^^^
  File "C:\Users\syedh\AppData\Local\Programs\Python\Python311\Lib\imaplib.py", line 1323, in __init__
    IMAP4.__init__(self, host, port, timeout)
  File "C:\Users\syedh\AppData\Local\Programs\Python\Python311\Lib\imaplib.py", line 202, in __init__
    self.open(host, port, timeout)
  File "C:\Users\syedh\AppData\Local\Programs\Python\Python311\Lib\imaplib.py", line 1336, in open
    IMAP4.open(self, host, port, timeout)
  File "C:\Users\syedh\AppData\Local\Programs\Python\Python311\Lib\imaplib.py", line 312, in open
    self.sock = self._create_socket(timeout)
                ^^^^^^^^^^^^^^^^^^^^^^^^^^^^
  File "C:\Users\syedh\AppData\Local\Programs\Python\Python311\Lib\imaplib.py", line 1326, in _create_socket
    sock = IMAP4._create_socket(self, timeout)
           ^^^^^^^^^^^^^^^^^^^^^^^^^^^^^^^^^^^
  File "C:\Users\syedh\AppData\Local\Programs\Python\Python311\Lib\imaplib.py", line 302, in _create_socket
    return socket.create_connection(address)
           ^^^^^^^^^^^^^^^^^^^^^^^^^^^^^^^^^
  File "C:\Users\syedh\AppData\Local\Programs\Python\Python311\Lib\socket.py", line 826, in create_connection
    for res in getaddrinfo(host, port, 0, SOCK_STREAM):
               ^^^^^^^^^^^^^^^^^^^^^^^^^^^^^^^^^^^^^^^
  File "C:\Users\syedh\AppData\Local\Programs\Python\Python311\Lib\socket.py", line 961, in getaddrinfo
    for res in _socket.getaddrinfo(host, port, family, type, proto, flags):
               ^^^^^^^^^^^^^^^^^^^^^^^^^^^^^^^^^^^^^^^^^^^^^^^^^^^^^^^^^^^
socket.gaierror: [Errno 11001] getaddrinfo failed
2026-08-06 17:52:56 | ERROR    | app.services.imap_service | IMAP connection failed (check IMAP_HOST/PORT and network connectivity)
Traceback (most recent call last):
  File "E:\Document_Scan\app\services\imap_service.py", line 40, in fetch_unread_messages
    client = _connect()
             ^^^^^^^^^^
  File "E:\Document_Scan\app\services\imap_service.py", line 22, in _connect
    client = imaplib.IMAP4_SSL(config.IMAP_HOST, config.IMAP_PORT)
             ^^^^^^^^^^^^^^^^^^^^^^^^^^^^^^^^^^^^^^^^^^^^^^^^^^^^^
  File "C:\Users\syedh\AppData\Local\Programs\Python\Python311\Lib\imaplib.py", line 1323, in __init__
    IMAP4.__init__(self, host, port, timeout)
  File "C:\Users\syedh\AppData\Local\Programs\Python\Python311\Lib\imaplib.py", line 202, in __init__
    self.open(host, port, timeout)
  File "C:\Users\syedh\AppData\Local\Programs\Python\Python311\Lib\imaplib.py", line 1336, in open
    IMAP4.open(self, host, port, timeout)
  File "C:\Users\syedh\AppData\Local\Programs\Python\Python311\Lib\imaplib.py", line 312, in open
    self.sock = self._create_socket(timeout)
                ^^^^^^^^^^^^^^^^^^^^^^^^^^^^
  File "C:\Users\syedh\AppData\Local\Programs\Python\Python311\Lib\imaplib.py", line 1326, in _create_socket
    sock = IMAP4._create_socket(self, timeout)
           ^^^^^^^^^^^^^^^^^^^^^^^^^^^^^^^^^^^
  File "C:\Users\syedh\AppData\Local\Programs\Python\Python311\Lib\imaplib.py", line 302, in _create_socket
    return socket.create_connection(address)
           ^^^^^^^^^^^^^^^^^^^^^^^^^^^^^^^^^
  File "C:\Users\syedh\AppData\Local\Programs\Python\Python311\Lib\socket.py", line 826, in create_connection
    for res in getaddrinfo(host, port, 0, SOCK_STREAM):
               ^^^^^^^^^^^^^^^^^^^^^^^^^^^^^^^^^^^^^^^
  File "C:\Users\syedh\AppData\Local\Programs\Python\Python311\Lib\socket.py", line 961, in getaddrinfo
    for res in _socket.getaddrinfo(host, port, family, type, proto, flags):
               ^^^^^^^^^^^^^^^^^^^^^^^^^^^^^^^^^^^^^^^^^^^^^^^^^^^^^^^^^^^
socket.gaierror: [Errno 11001] getaddrinfo failed
2026-08-06 17:53:56 | ERROR    | app.services.imap_service | IMAP connection failed (check IMAP_HOST/PORT and network connectivity)
Traceback (most recent call last):
  File "E:\Document_Scan\app\services\imap_service.py", line 40, in fetch_unread_messages
    client = _connect()
             ^^^^^^^^^^
  File "E:\Document_Scan\app\services\imap_service.py", line 22, in _connect
    client = imaplib.IMAP4_SSL(config.IMAP_HOST, config.IMAP_PORT)
             ^^^^^^^^^^^^^^^^^^^^^^^^^^^^^^^^^^^^^^^^^^^^^^^^^^^^^
  File "C:\Users\syedh\AppData\Local\Programs\Python\Python311\Lib\imaplib.py", line 1323, in __init__
    IMAP4.__init__(self, host, port, timeout)
  File "C:\Users\syedh\AppData\Local\Programs\Python\Python311\Lib\imaplib.py", line 202, in __init__
    self.open(host, port, timeout)
  File "C:\Users\syedh\AppData\Local\Programs\Python\Python311\Lib\imaplib.py", line 1336, in open
    IMAP4.open(self, host, port, timeout)
  File "C:\Users\syedh\AppData\Local\Programs\Python\Python311\Lib\imaplib.py", line 312, in open
    self.sock = self._create_socket(timeout)
                ^^^^^^^^^^^^^^^^^^^^^^^^^^^^
  File "C:\Users\syedh\AppData\Local\Programs\Python\Python311\Lib\imaplib.py", line 1326, in _create_socket
    sock = IMAP4._create_socket(self, timeout)
           ^^^^^^^^^^^^^^^^^^^^^^^^^^^^^^^^^^^
  File "C:\Users\syedh\AppData\Local\Programs\Python\Python311\Lib\imaplib.py", line 302, in _create_socket
    return socket.create_connection(address)
           ^^^^^^^^^^^^^^^^^^^^^^^^^^^^^^^^^
  File "C:\Users\syedh\AppData\Local\Programs\Python\Python311\Lib\socket.py", line 826, in create_connection
    for res in getaddrinfo(host, port, 0, SOCK_STREAM):
               ^^^^^^^^^^^^^^^^^^^^^^^^^^^^^^^^^^^^^^^
  File "C:\Users\syedh\AppData\Local\Programs\Python\Python311\Lib\socket.py", line 961, in getaddrinfo
    for res in _socket.getaddrinfo(host, port, family, type, proto, flags):
               ^^^^^^^^^^^^^^^^^^^^^^^^^^^^^^^^^^^^^^^^^^^^^^^^^^^^^^^^^^^
socket.gaierror: [Errno 11001] getaddrinfo failed
2026-08-06 17:54:56 | ERROR    | app.services.imap_service | IMAP connection failed (check IMAP_HOST/PORT and network connectivity)
Traceback (most recent call last):
  File "E:\Document_Scan\app\services\imap_service.py", line 40, in fetch_unread_messages
    client = _connect()
             ^^^^^^^^^^
  File "E:\Document_Scan\app\services\imap_service.py", line 22, in _connect
    client = imaplib.IMAP4_SSL(config.IMAP_HOST, config.IMAP_PORT)
             ^^^^^^^^^^^^^^^^^^^^^^^^^^^^^^^^^^^^^^^^^^^^^^^^^^^^^
  File "C:\Users\syedh\AppData\Local\Programs\Python\Python311\Lib\imaplib.py", line 1323, in __init__
    IMAP4.__init__(self, host, port, timeout)
  File "C:\Users\syedh\AppData\Local\Programs\Python\Python311\Lib\imaplib.py", line 202, in __init__
    self.open(host, port, timeout)
  File "C:\Users\syedh\AppData\Local\Programs\Python\Python311\Lib\imaplib.py", line 1336, in open
    IMAP4.open(self, host, port, timeout)
  File "C:\Users\syedh\AppData\Local\Programs\Python\Python311\Lib\imaplib.py", line 312, in open
    self.sock = self._create_socket(timeout)
                ^^^^^^^^^^^^^^^^^^^^^^^^^^^^
  File "C:\Users\syedh\AppData\Local\Programs\Python\Python311\Lib\imaplib.py", line 1326, in _create_socket
    sock = IMAP4._create_socket(self, timeout)
           ^^^^^^^^^^^^^^^^^^^^^^^^^^^^^^^^^^^
  File "C:\Users\syedh\AppData\Local\Programs\Python\Python311\Lib\imaplib.py", line 302, in _create_socket
    return socket.create_connection(address)
           ^^^^^^^^^^^^^^^^^^^^^^^^^^^^^^^^^
  File "C:\Users\syedh\AppData\Local\Programs\Python\Python311\Lib\socket.py", line 826, in create_connection
    for res in getaddrinfo(host, port, 0, SOCK_STREAM):
               ^^^^^^^^^^^^^^^^^^^^^^^^^^^^^^^^^^^^^^^
  File "C:\Users\syedh\AppData\Local\Programs\Python\Python311\Lib\socket.py", line 961, in getaddrinfo
    for res in _socket.getaddrinfo(host, port, family, type, proto, flags):
               ^^^^^^^^^^^^^^^^^^^^^^^^^^^^^^^^^^^^^^^^^^^^^^^^^^^^^^^^^^^
socket.gaierror: [Errno 11001] getaddrinfo failed
2026-08-06 17:55:56 | ERROR    | app.services.imap_service | IMAP connection failed (check IMAP_HOST/PORT and network connectivity)
Traceback (most recent call last):
  File "E:\Document_Scan\app\services\imap_service.py", line 40, in fetch_unread_messages
    client = _connect()
             ^^^^^^^^^^
  File "E:\Document_Scan\app\services\imap_service.py", line 22, in _connect
    client = imaplib.IMAP4_SSL(config.IMAP_HOST, config.IMAP_PORT)
             ^^^^^^^^^^^^^^^^^^^^^^^^^^^^^^^^^^^^^^^^^^^^^^^^^^^^^
  File "C:\Users\syedh\AppData\Local\Programs\Python\Python311\Lib\imaplib.py", line 1323, in __init__
    IMAP4.__init__(self, host, port, timeout)
  File "C:\Users\syedh\AppData\Local\Programs\Python\Python311\Lib\imaplib.py", line 202, in __init__
    self.open(host, port, timeout)
  File "C:\Users\syedh\AppData\Local\Programs\Python\Python311\Lib\imaplib.py", line 1336, in open
    IMAP4.open(self, host, port, timeout)
  File "C:\Users\syedh\AppData\Local\Programs\Python\Python311\Lib\imaplib.py", line 312, in open
    self.sock = self._create_socket(timeout)
                ^^^^^^^^^^^^^^^^^^^^^^^^^^^^
  File "C:\Users\syedh\AppData\Local\Programs\Python\Python311\Lib\imaplib.py", line 1326, in _create_socket
    sock = IMAP4._create_socket(self, timeout)
           ^^^^^^^^^^^^^^^^^^^^^^^^^^^^^^^^^^^
  File "C:\Users\syedh\AppData\Local\Programs\Python\Python311\Lib\imaplib.py", line 302, in _create_socket
    return socket.create_connection(address)
           ^^^^^^^^^^^^^^^^^^^^^^^^^^^^^^^^^
  File "C:\Users\syedh\AppData\Local\Programs\Python\Python311\Lib\socket.py", line 826, in create_connection
    for res in getaddrinfo(host, port, 0, SOCK_STREAM):
               ^^^^^^^^^^^^^^^^^^^^^^^^^^^^^^^^^^^^^^^
  File "C:\Users\syedh\AppData\Local\Programs\Python\Python311\Lib\socket.py", line 961, in getaddrinfo
    for res in _socket.getaddrinfo(host, port, family, type, proto, flags):
               ^^^^^^^^^^^^^^^^^^^^^^^^^^^^^^^^^^^^^^^^^^^^^^^^^^^^^^^^^^^
socket.gaierror: [Errno 11001] getaddrinfo failed
2026-08-06 17:56:56 | ERROR    | app.services.imap_service | IMAP connection failed (check IMAP_HOST/PORT and network connectivity)
Traceback (most recent call last):
  File "E:\Document_Scan\app\services\imap_service.py", line 40, in fetch_unread_messages
    client = _connect()
             ^^^^^^^^^^
  File "E:\Document_Scan\app\services\imap_service.py", line 22, in _connect
    client = imaplib.IMAP4_SSL(config.IMAP_HOST, config.IMAP_PORT)
             ^^^^^^^^^^^^^^^^^^^^^^^^^^^^^^^^^^^^^^^^^^^^^^^^^^^^^
  File "C:\Users\syedh\AppData\Local\Programs\Python\Python311\Lib\imaplib.py", line 1323, in __init__
    IMAP4.__init__(self, host, port, timeout)
  File "C:\Users\syedh\AppData\Local\Programs\Python\Python311\Lib\imaplib.py", line 202, in __init__
    self.open(host, port, timeout)
  File "C:\Users\syedh\AppData\Local\Programs\Python\Python311\Lib\imaplib.py", line 1336, in open
    IMAP4.open(self, host, port, timeout)
  File "C:\Users\syedh\AppData\Local\Programs\Python\Python311\Lib\imaplib.py", line 312, in open
    self.sock = self._create_socket(timeout)
                ^^^^^^^^^^^^^^^^^^^^^^^^^^^^
  File "C:\Users\syedh\AppData\Local\Programs\Python\Python311\Lib\imaplib.py", line 1326, in _create_socket
    sock = IMAP4._create_socket(self, timeout)
           ^^^^^^^^^^^^^^^^^^^^^^^^^^^^^^^^^^^
  File "C:\Users\syedh\AppData\Local\Programs\Python\Python311\Lib\imaplib.py", line 302, in _create_socket
    return socket.create_connection(address)
           ^^^^^^^^^^^^^^^^^^^^^^^^^^^^^^^^^
  File "C:\Users\syedh\AppData\Local\Programs\Python\Python311\Lib\socket.py", line 826, in create_connection
    for res in getaddrinfo(host, port, 0, SOCK_STREAM):
               ^^^^^^^^^^^^^^^^^^^^^^^^^^^^^^^^^^^^^^^
  File "C:\Users\syedh\AppData\Local\Programs\Python\Python311\Lib\socket.py", line 961, in getaddrinfo
    for res in _socket.getaddrinfo(host, port, family, type, proto, flags):
               ^^^^^^^^^^^^^^^^^^^^^^^^^^^^^^^^^^^^^^^^^^^^^^^^^^^^^^^^^^^
socket.gaierror: [Errno 11001] getaddrinfo failed
2026-08-06 17:57:56 | ERROR    | app.services.imap_service | IMAP connection failed (check IMAP_HOST/PORT and network connectivity)
Traceback (most recent call last):
  File "E:\Document_Scan\app\services\imap_service.py", line 40, in fetch_unread_messages
    client = _connect()
             ^^^^^^^^^^
  File "E:\Document_Scan\app\services\imap_service.py", line 22, in _connect
    client = imaplib.IMAP4_SSL(config.IMAP_HOST, config.IMAP_PORT)
             ^^^^^^^^^^^^^^^^^^^^^^^^^^^^^^^^^^^^^^^^^^^^^^^^^^^^^
  File "C:\Users\syedh\AppData\Local\Programs\Python\Python311\Lib\imaplib.py", line 1323, in __init__
    IMAP4.__init__(self, host, port, timeout)
  File "C:\Users\syedh\AppData\Local\Programs\Python\Python311\Lib\imaplib.py", line 202, in __init__
    self.open(host, port, timeout)
  File "C:\Users\syedh\AppData\Local\Programs\Python\Python311\Lib\imaplib.py", line 1336, in open
    IMAP4.open(self, host, port, timeout)
  File "C:\Users\syedh\AppData\Local\Programs\Python\Python311\Lib\imaplib.py", line 312, in open
    self.sock = self._create_socket(timeout)
                ^^^^^^^^^^^^^^^^^^^^^^^^^^^^
  File "C:\Users\syedh\AppData\Local\Programs\Python\Python311\Lib\imaplib.py", line 1326, in _create_socket
    sock = IMAP4._create_socket(self, timeout)
           ^^^^^^^^^^^^^^^^^^^^^^^^^^^^^^^^^^^
  File "C:\Users\syedh\AppData\Local\Programs\Python\Python311\Lib\imaplib.py", line 302, in _create_socket
    return socket.create_connection(address)
           ^^^^^^^^^^^^^^^^^^^^^^^^^^^^^^^^^
  File "C:\Users\syedh\AppData\Local\Programs\Python\Python311\Lib\socket.py", line 826, in create_connection
    for res in getaddrinfo(host, port, 0, SOCK_STREAM):
               ^^^^^^^^^^^^^^^^^^^^^^^^^^^^^^^^^^^^^^^
  File "C:\Users\syedh\AppData\Local\Programs\Python\Python311\Lib\socket.py", line 961, in getaddrinfo
    for res in _socket.getaddrinfo(host, port, family, type, proto, flags):
               ^^^^^^^^^^^^^^^^^^^^^^^^^^^^^^^^^^^^^^^^^^^^^^^^^^^^^^^^^^^
socket.gaierror: [Errno 11001] getaddrinfo failed
2026-08-06 17:58:56 | ERROR    | app.services.imap_service | IMAP connection failed (check IMAP_HOST/PORT and network connectivity)
Traceback (most recent call last):
  File "E:\Document_Scan\app\services\imap_service.py", line 40, in fetch_unread_messages
    client = _connect()
             ^^^^^^^^^^
  File "E:\Document_Scan\app\services\imap_service.py", line 22, in _connect
    client = imaplib.IMAP4_SSL(config.IMAP_HOST, config.IMAP_PORT)
             ^^^^^^^^^^^^^^^^^^^^^^^^^^^^^^^^^^^^^^^^^^^^^^^^^^^^^
  File "C:\Users\syedh\AppData\Local\Programs\Python\Python311\Lib\imaplib.py", line 1323, in __init__
    IMAP4.__init__(self, host, port, timeout)
  File "C:\Users\syedh\AppData\Local\Programs\Python\Python311\Lib\imaplib.py", line 202, in __init__
    self.open(host, port, timeout)
  File "C:\Users\syedh\AppData\Local\Programs\Python\Python311\Lib\imaplib.py", line 1336, in open
    IMAP4.open(self, host, port, timeout)
  File "C:\Users\syedh\AppData\Local\Programs\Python\Python311\Lib\imaplib.py", line 312, in open
    self.sock = self._create_socket(timeout)
                ^^^^^^^^^^^^^^^^^^^^^^^^^^^^
  File "C:\Users\syedh\AppData\Local\Programs\Python\Python311\Lib\imaplib.py", line 1326, in _create_socket
    sock = IMAP4._create_socket(self, timeout)
           ^^^^^^^^^^^^^^^^^^^^^^^^^^^^^^^^^^^
  File "C:\Users\syedh\AppData\Local\Programs\Python\Python311\Lib\imaplib.py", line 302, in _create_socket
    return socket.create_connection(address)
           ^^^^^^^^^^^^^^^^^^^^^^^^^^^^^^^^^
  File "C:\Users\syedh\AppData\Local\Programs\Python\Python311\Lib\socket.py", line 826, in create_connection
    for res in getaddrinfo(host, port, 0, SOCK_STREAM):
               ^^^^^^^^^^^^^^^^^^^^^^^^^^^^^^^^^^^^^^^
  File "C:\Users\syedh\AppData\Local\Programs\Python\Python311\Lib\socket.py", line 961, in getaddrinfo
    for res in _socket.getaddrinfo(host, port, family, type, proto, flags):
               ^^^^^^^^^^^^^^^^^^^^^^^^^^^^^^^^^^^^^^^^^^^^^^^^^^^^^^^^^^^
socket.gaierror: [Errno 11001] getaddrinfo failed
2026-08-06 17:59:56 | ERROR    | app.services.imap_service | IMAP connection failed (check IMAP_HOST/PORT and network connectivity)
Traceback (most recent call last):
  File "E:\Document_Scan\app\services\imap_service.py", line 40, in fetch_unread_messages
    client = _connect()
             ^^^^^^^^^^
  File "E:\Document_Scan\app\services\imap_service.py", line 22, in _connect
    client = imaplib.IMAP4_SSL(config.IMAP_HOST, config.IMAP_PORT)
             ^^^^^^^^^^^^^^^^^^^^^^^^^^^^^^^^^^^^^^^^^^^^^^^^^^^^^
  File "C:\Users\syedh\AppData\Local\Programs\Python\Python311\Lib\imaplib.py", line 1323, in __init__
    IMAP4.__init__(self, host, port, timeout)
  File "C:\Users\syedh\AppData\Local\Programs\Python\Python311\Lib\imaplib.py", line 202, in __init__
    self.open(host, port, timeout)
  File "C:\Users\syedh\AppData\Local\Programs\Python\Python311\Lib\imaplib.py", line 1336, in open
    IMAP4.open(self, host, port, timeout)
  File "C:\Users\syedh\AppData\Local\Programs\Python\Python311\Lib\imaplib.py", line 312, in open
    self.sock = self._create_socket(timeout)
                ^^^^^^^^^^^^^^^^^^^^^^^^^^^^
  File "C:\Users\syedh\AppData\Local\Programs\Python\Python311\Lib\imaplib.py", line 1326, in _create_socket
    sock = IMAP4._create_socket(self, timeout)
           ^^^^^^^^^^^^^^^^^^^^^^^^^^^^^^^^^^^
  File "C:\Users\syedh\AppData\Local\Programs\Python\Python311\Lib\imaplib.py", line 302, in _create_socket
    return socket.create_connection(address)
           ^^^^^^^^^^^^^^^^^^^^^^^^^^^^^^^^^
  File "C:\Users\syedh\AppData\Local\Programs\Python\Python311\Lib\socket.py", line 826, in create_connection
    for res in getaddrinfo(host, port, 0, SOCK_STREAM):
               ^^^^^^^^^^^^^^^^^^^^^^^^^^^^^^^^^^^^^^^
  File "C:\Users\syedh\AppData\Local\Programs\Python\Python311\Lib\socket.py", line 961, in getaddrinfo
    for res in _socket.getaddrinfo(host, port, family, type, proto, flags):
               ^^^^^^^^^^^^^^^^^^^^^^^^^^^^^^^^^^^^^^^^^^^^^^^^^^^^^^^^^^^
socket.gaierror: [Errno 11001] getaddrinfo failed
2026-08-06 19:51:34 | INFO     | app.db_migrate | Ensured branch_entries schema
2026-08-06 19:51:34 | INFO     | app.db_migrate | Ensured signature_records schema
2026-08-06 19:51:34 | INFO     | app.db_migrate | Ensured verifications schema
2026-08-06 19:51:35 | INFO     | app.db | Database initialized and seeded
2026-08-06 19:51:35 | INFO     | app.services.analysis_queue | Analysis queue worker started
2026-08-06 19:51:35 | INFO     | app.services.email_queue | Queued verification VER-0997e7bb5daf460f for email delivery
2026-08-06 19:51:35 | INFO     | app.services.email_queue | Queued verification VER-f047c946949b4bec for email delivery
2026-08-06 19:51:35 | INFO     | app.services.email_queue | Queued verification VER-eed71dcf18a04d73 for email delivery
2026-08-06 19:51:35 | INFO     | app.services.email_queue | Queued verification VER-9109d19758d94583 for email delivery
2026-08-06 19:51:35 | INFO     | app.services.email_queue | Queued verification VER-3ce1bcd64f3c430d for email delivery
2026-08-06 19:51:35 | INFO     | app.services.email_queue | Queued verification VER-2fabe8c3049043a5 for email delivery
2026-08-06 19:51:35 | INFO     | app.services.email_queue | Recovered 6 pending verification(s) into email queue
2026-08-06 19:51:35 | INFO     | app.services.email_queue | Verification email queue started
2026-08-06 19:51:40 | INFO     | app.services.email_queue | Verification email delivered for VER-0997e7bb5daf460f
2026-08-06 19:51:45 | INFO     | app.services.email_queue | Verification email delivered for VER-f047c946949b4bec
2026-08-06 19:51:50 | INFO     | app.services.email_queue | Verification email delivered for VER-eed71dcf18a04d73
2026-08-06 19:51:55 | INFO     | app.services.email_queue | Verification email delivered for VER-9109d19758d94583
2026-08-06 19:52:00 | INFO     | app.services.email_queue | Verification email delivered for VER-3ce1bcd64f3c430d
2026-08-06 19:52:03 | INFO     | __main__ | IMAP poll found 1 unread message(s)
2026-08-06 19:52:03 | INFO     | __main__ | Processing unread message: subject=Mail delivery failed: returning message to sender message_id=<E1wrzRy-00000008uL4-07v9@s80.itlinkonline.com>
2026-08-06 19:52:03 | WARNING  | __main__ | Verification ID not found in subject: Mail delivery failed: returning message to sender
2026-08-06 19:52:05 | INFO     | app.services.email_queue | Verification email delivered for VER-2fabe8c3049043a5
2026-08-06 20:03:17 | ERROR    | app.services.imap_service | IMAP connection failed (check IMAP_HOST/PORT and network connectivity)
Traceback (most recent call last):
  File "E:\Document_Scan\app\services\imap_service.py", line 40, in fetch_unread_messages
    client = _connect()
             ^^^^^^^^^^
  File "E:\Document_Scan\app\services\imap_service.py", line 22, in _connect
    client = imaplib.IMAP4_SSL(config.IMAP_HOST, config.IMAP_PORT)
             ^^^^^^^^^^^^^^^^^^^^^^^^^^^^^^^^^^^^^^^^^^^^^^^^^^^^^
  File "C:\Users\syedh\AppData\Local\Programs\Python\Python311\Lib\imaplib.py", line 1323, in __init__
    IMAP4.__init__(self, host, port, timeout)
  File "C:\Users\syedh\AppData\Local\Programs\Python\Python311\Lib\imaplib.py", line 202, in __init__
    self.open(host, port, timeout)
  File "C:\Users\syedh\AppData\Local\Programs\Python\Python311\Lib\imaplib.py", line 1336, in open
    IMAP4.open(self, host, port, timeout)
  File "C:\Users\syedh\AppData\Local\Programs\Python\Python311\Lib\imaplib.py", line 312, in open
    self.sock = self._create_socket(timeout)
                ^^^^^^^^^^^^^^^^^^^^^^^^^^^^
  File "C:\Users\syedh\AppData\Local\Programs\Python\Python311\Lib\imaplib.py", line 1326, in _create_socket
    sock = IMAP4._create_socket(self, timeout)
           ^^^^^^^^^^^^^^^^^^^^^^^^^^^^^^^^^^^
  File "C:\Users\syedh\AppData\Local\Programs\Python\Python311\Lib\imaplib.py", line 302, in _create_socket
    return socket.create_connection(address)
           ^^^^^^^^^^^^^^^^^^^^^^^^^^^^^^^^^
  File "C:\Users\syedh\AppData\Local\Programs\Python\Python311\Lib\socket.py", line 826, in create_connection
    for res in getaddrinfo(host, port, 0, SOCK_STREAM):
               ^^^^^^^^^^^^^^^^^^^^^^^^^^^^^^^^^^^^^^^
  File "C:\Users\syedh\AppData\Local\Programs\Python\Python311\Lib\socket.py", line 961, in getaddrinfo
    for res in _socket.getaddrinfo(host, port, family, type, proto, flags):
               ^^^^^^^^^^^^^^^^^^^^^^^^^^^^^^^^^^^^^^^^^^^^^^^^^^^^^^^^^^^
socket.gaierror: [Errno 11001] getaddrinfo failed
2026-08-07 00:24:03 | INFO     | app.db_migrate | Ensured branch_entries schema
2026-08-07 00:24:03 | INFO     | app.db_migrate | Ensured signature_records schema
2026-08-07 00:24:03 | INFO     | app.db_migrate | Ensured verifications schema
2026-08-07 00:24:04 | INFO     | app.db | Database initialized and seeded
2026-08-07 00:24:04 | INFO     | app.services.analysis_queue | Analysis queue worker started
2026-08-07 00:24:04 | INFO     | app.services.email_queue | Queued verification VER-0997e7bb5daf460f for email delivery
2026-08-07 00:24:04 | INFO     | app.services.email_queue | Queued verification VER-f047c946949b4bec for email delivery
2026-08-07 00:24:04 | INFO     | app.services.email_queue | Queued verification VER-eed71dcf18a04d73 for email delivery
2026-08-07 00:24:04 | INFO     | app.services.email_queue | Queued verification VER-9109d19758d94583 for email delivery
2026-08-07 00:24:04 | INFO     | app.services.email_queue | Queued verification VER-3ce1bcd64f3c430d for email delivery
2026-08-07 00:24:04 | INFO     | app.services.email_queue | Queued verification VER-2fabe8c3049043a5 for email delivery
2026-08-07 00:24:04 | INFO     | app.services.email_queue | Recovered 6 pending verification(s) into email queue
2026-08-07 00:24:04 | INFO     | app.services.email_queue | Verification email queue started
2026-08-07 00:24:09 | INFO     | app.services.email_queue | Verification email delivered for VER-0997e7bb5daf460f
2026-08-07 00:24:12 | INFO     | app.services.email_queue | Verification email delivered for VER-f047c946949b4bec
2026-08-07 00:24:16 | INFO     | app.services.email_queue | Verification email delivered for VER-eed71dcf18a04d73
2026-08-07 00:24:20 | INFO     | app.services.email_queue | Verification email delivered for VER-9109d19758d94583
2026-08-07 00:24:23 | INFO     | app.services.email_queue | Verification email delivered for VER-3ce1bcd64f3c430d
2026-08-07 00:24:27 | INFO     | app.services.email_queue | Verification email delivered for VER-2fabe8c3049043a5
2026-08-07 01:02:51 | INFO     | app.db_migrate | Ensured branch_entries schema
2026-08-07 01:02:51 | INFO     | app.db_migrate | Ensured signature_records schema
2026-08-07 01:02:51 | INFO     | app.db_migrate | Ensured verifications schema
2026-08-07 01:02:51 | INFO     | app.db | Database initialized and seeded
2026-08-07 01:02:51 | INFO     | app.services.analysis_queue | Analysis queue worker started
2026-08-07 01:02:51 | INFO     | app.services.email_queue | Queued verification VER-3ce1bcd64f3c430d for email delivery
2026-08-07 01:02:51 | INFO     | app.services.email_queue | Queued verification VER-2fabe8c3049043a5 for email delivery
2026-08-07 01:02:51 | INFO     | app.services.email_queue | Queued verification VER-0997e7bb5daf460f for email delivery
2026-08-07 01:02:51 | INFO     | app.services.email_queue | Queued verification VER-f047c946949b4bec for email delivery
2026-08-07 01:02:51 | INFO     | app.services.email_queue | Queued verification VER-eed71dcf18a04d73 for email delivery
2026-08-07 01:02:51 | INFO     | app.services.email_queue | Queued verification VER-9109d19758d94583 for email delivery
2026-08-07 01:02:51 | INFO     | app.services.email_queue | Recovered 6 pending verification(s) into email queue
2026-08-07 01:02:51 | INFO     | app.services.email_queue | Verification email queue started
2026-08-07 01:02:55 | INFO     | app.services.email_queue | Verification email delivered for VER-3ce1bcd64f3c430d
2026-08-07 01:02:59 | INFO     | app.services.email_queue | Verification email delivered for VER-2fabe8c3049043a5
2026-08-07 01:03:03 | INFO     | app.services.email_queue | Verification email delivered for VER-0997e7bb5daf460f
2026-08-07 01:03:07 | INFO     | app.services.email_queue | Verification email delivered for VER-f047c946949b4bec
2026-08-07 01:03:11 | INFO     | app.services.email_queue | Verification email delivered for VER-eed71dcf18a04d73
2026-08-07 01:03:15 | INFO     | app.services.email_queue | Verification email delivered for VER-9109d19758d94583
2026-08-07 17:13:52 | INFO     | app.db_migrate | Ensured branch_entries schema
2026-08-07 17:13:52 | INFO     | app.db_migrate | Ensured signature_records schema
2026-08-07 17:13:52 | INFO     | app.db_migrate | Ensured verifications schema
2026-08-07 17:13:52 | INFO     | app.db | Database initialized and seeded
2026-08-07 17:13:52 | INFO     | app.services.analysis_queue | Analysis queue worker started
2026-08-07 17:13:52 | INFO     | app.services.email_queue | Queued verification VER-3ce1bcd64f3c430d for email delivery
2026-08-07 17:13:52 | INFO     | app.services.email_queue | Queued verification VER-2fabe8c3049043a5 for email delivery
2026-08-07 17:13:52 | INFO     | app.services.email_queue | Queued verification VER-0997e7bb5daf460f for email delivery
2026-08-07 17:13:52 | INFO     | app.services.email_queue | Queued verification VER-f047c946949b4bec for email delivery
2026-08-07 17:13:52 | INFO     | app.services.email_queue | Queued verification VER-eed71dcf18a04d73 for email delivery
2026-08-07 17:13:52 | INFO     | app.services.email_queue | Queued verification VER-9109d19758d94583 for email delivery
2026-08-07 17:13:52 | INFO     | app.services.email_queue | Recovered 6 pending verification(s) into email queue
2026-08-07 17:13:52 | INFO     | app.services.email_queue | Verification email queue started
2026-08-07 17:13:58 | INFO     | app.services.email_queue | Verification email delivered for VER-3ce1bcd64f3c430d
2026-08-07 17:14:03 | INFO     | app.services.email_queue | Verification email delivered for VER-2fabe8c3049043a5
2026-08-07 17:14:10 | INFO     | app.services.email_queue | Verification email delivered for VER-0997e7bb5daf460f
2026-08-07 17:14:17 | INFO     | app.services.email_queue | Verification email delivered for VER-f047c946949b4bec
2026-08-07 17:14:22 | INFO     | app.services.email_queue | Verification email delivered for VER-eed71dcf18a04d73
2026-08-07 17:14:28 | INFO     | app.services.email_queue | Verification email delivered for VER-9109d19758d94583
2026-08-07 17:15:53 | INFO     | app.document_detection.strategies.llm_gate | Document gate LLM: is_document=True detected=cnic doc_conf=100.0 type_conf=100.0
2026-08-07 17:16:07 | INFO     | app.document_detection.strategies.llm_gate | Document gate LLM: is_document=True detected=cnic doc_conf=100.0 type_conf=100.0
2026-08-07 17:16:23 | INFO     | app.ocr_pipeline.document_extract | LLM cnic vision extraction complete (gemini_vision): filled=8
2026-08-07 17:16:51 | INFO     | app.document_detection.strategies.llm_gate | Document gate LLM: is_document=True detected=cnic doc_conf=100.0 type_conf=100.0
2026-08-07 17:17:04 | INFO     | app.document_detection.strategies.llm_gate | Document gate LLM: is_document=True detected=cnic doc_conf=100.0 type_conf=100.0
2026-08-07 17:17:21 | INFO     | app.ocr_pipeline.document_extract | LLM cnic vision extraction complete (gemini_vision): filled=8
2026-08-07 17:17:51 | INFO     | app.document_detection.strategies.llm_gate | Document gate LLM: is_document=True detected=cnic doc_conf=100.0 type_conf=100.0
2026-08-07 17:18:08 | INFO     | app.ocr_pipeline.document_extract | LLM cnic vision extraction complete (gemini_vision): filled=8
2026-08-07 17:20:30 | INFO     | app.document_detection.strategies.llm_gate | Document gate LLM: is_document=True detected=cnic doc_conf=100.0 type_conf=100.0
2026-08-07 17:20:43 | INFO     | app.document_detection.strategies.llm_gate | Document gate LLM: is_document=True detected=cnic doc_conf=100.0 type_conf=100.0
2026-08-07 17:21:01 | INFO     | app.ocr_pipeline.document_extract | LLM cnic vision extraction complete (gemini_vision): filled=8
2026-08-07 17:34:44 | INFO     | app.db_migrate | Ensured branch_entries schema
2026-08-07 17:34:44 | INFO     | app.db_migrate | Ensured signature_records schema
2026-08-07 17:34:44 | INFO     | app.db_migrate | Ensured verifications schema
2026-08-07 17:34:44 | INFO     | app.db | Database initialized and seeded
2026-08-07 17:34:44 | INFO     | app.services.analysis_queue | Analysis queue worker started
2026-08-07 17:34:44 | INFO     | app.services.email_queue | Queued verification VER-9109d19758d94583 for email delivery
2026-08-07 17:34:44 | INFO     | app.services.email_queue | Queued verification VER-3ce1bcd64f3c430d for email delivery
2026-08-07 17:34:44 | INFO     | app.services.email_queue | Queued verification VER-2fabe8c3049043a5 for email delivery
2026-08-07 17:34:44 | INFO     | app.services.email_queue | Queued verification VER-0997e7bb5daf460f for email delivery
2026-08-07 17:34:44 | INFO     | app.services.email_queue | Queued verification VER-f047c946949b4bec for email delivery
2026-08-07 17:34:44 | INFO     | app.services.email_queue | Queued verification VER-eed71dcf18a04d73 for email delivery
2026-08-07 17:34:44 | INFO     | app.services.email_queue | Recovered 6 pending verification(s) into email queue
2026-08-07 17:34:44 | INFO     | app.services.email_queue | Verification email queue started
2026-08-07 17:34:49 | INFO     | app.services.email_queue | Verification email delivered for VER-9109d19758d94583
2026-08-07 17:34:54 | INFO     | app.services.email_queue | Verification email delivered for VER-3ce1bcd64f3c430d
2026-08-07 17:34:59 | INFO     | app.services.email_queue | Verification email delivered for VER-2fabe8c3049043a5
2026-08-07 17:35:04 | INFO     | app.services.email_queue | Verification email delivered for VER-0997e7bb5daf460f
2026-08-07 17:35:09 | INFO     | app.services.email_queue | Verification email delivered for VER-f047c946949b4bec
2026-08-07 17:35:16 | INFO     | app.services.email_queue | Verification email delivered for VER-eed71dcf18a04d73
2026-08-07 17:35:52 | INFO     | app.db_migrate | Ensured branch_entries schema
2026-08-07 17:35:52 | INFO     | app.db_migrate | Ensured signature_records schema
2026-08-07 17:35:52 | INFO     | app.db_migrate | Ensured verifications schema
2026-08-07 17:35:53 | INFO     | app.db | Database initialized and seeded
2026-08-07 17:35:53 | INFO     | app.services.analysis_queue | Analysis queue worker started
2026-08-07 17:35:53 | INFO     | app.services.email_queue | Queued verification VER-9109d19758d94583 for email delivery
2026-08-07 17:35:53 | INFO     | app.services.email_queue | Queued verification VER-3ce1bcd64f3c430d for email delivery
2026-08-07 17:35:53 | INFO     | app.services.email_queue | Queued verification VER-2fabe8c3049043a5 for email delivery
2026-08-07 17:35:53 | INFO     | app.services.email_queue | Queued verification VER-0997e7bb5daf460f for email delivery
2026-08-07 17:35:53 | INFO     | app.services.email_queue | Queued verification VER-f047c946949b4bec for email delivery
2026-08-07 17:35:53 | INFO     | app.services.email_queue | Queued verification VER-eed71dcf18a04d73 for email delivery
2026-08-07 17:35:53 | INFO     | app.services.email_queue | Recovered 6 pending verification(s) into email queue
2026-08-07 17:35:53 | INFO     | app.services.email_queue | Verification email queue started
2026-08-07 17:35:58 | INFO     | app.services.email_queue | Verification email delivered for VER-9109d19758d94583
2026-08-07 17:36:02 | INFO     | app.services.email_queue | Verification email delivered for VER-3ce1bcd64f3c430d
2026-08-07 17:36:07 | INFO     | app.services.email_queue | Verification email delivered for VER-2fabe8c3049043a5
2026-08-07 17:36:12 | INFO     | app.services.email_queue | Verification email delivered for VER-0997e7bb5daf460f
2026-08-07 17:36:17 | INFO     | app.services.email_queue | Verification email delivered for VER-f047c946949b4bec
2026-08-07 17:36:22 | INFO     | app.services.email_queue | Verification email delivered for VER-eed71dcf18a04d73
2026-08-07 17:37:17 | INFO     | app.db_migrate | Ensured branch_entries schema
2026-08-07 17:37:17 | INFO     | app.db_migrate | Ensured signature_records schema
2026-08-07 17:37:17 | INFO     | app.db_migrate | Ensured verifications schema
2026-08-07 17:37:17 | INFO     | app.db | Database initialized and seeded
2026-08-07 17:37:17 | INFO     | app.services.analysis_queue | Analysis queue worker started
2026-08-07 17:37:17 | INFO     | app.services.email_queue | Queued verification VER-eed71dcf18a04d73 for email delivery
2026-08-07 17:37:17 | INFO     | app.services.email_queue | Queued verification VER-9109d19758d94583 for email delivery
2026-08-07 17:37:17 | INFO     | app.services.email_queue | Queued verification VER-3ce1bcd64f3c430d for email delivery
2026-08-07 17:37:17 | INFO     | app.services.email_queue | Queued verification VER-2fabe8c3049043a5 for email delivery
2026-08-07 17:37:17 | INFO     | app.services.email_queue | Queued verification VER-0997e7bb5daf460f for email delivery
2026-08-07 17:37:17 | INFO     | app.services.email_queue | Queued verification VER-f047c946949b4bec for email delivery
2026-08-07 17:37:17 | INFO     | app.services.email_queue | Recovered 6 pending verification(s) into email queue
2026-08-07 17:37:17 | INFO     | app.services.email_queue | Verification email queue started
2026-08-07 17:37:22 | INFO     | app.services.email_queue | Verification email delivered for VER-eed71dcf18a04d73
2026-08-07 17:37:27 | INFO     | app.services.email_queue | Verification email delivered for VER-9109d19758d94583
2026-08-07 17:37:32 | INFO     | app.services.email_queue | Verification email delivered for VER-3ce1bcd64f3c430d
2026-08-07 17:37:34 | INFO     | app.document_detection.strategies.llm_gate | Document gate LLM: is_document=True detected=cnic doc_conf=100.0 type_conf=100.0
2026-08-07 17:37:37 | INFO     | app.services.email_queue | Verification email delivered for VER-2fabe8c3049043a5
2026-08-07 17:37:42 | INFO     | app.services.email_queue | Verification email delivered for VER-0997e7bb5daf460f
2026-08-07 17:37:47 | INFO     | app.services.email_queue | Verification email delivered for VER-f047c946949b4bec
2026-08-07 17:37:48 | INFO     | app.document_detection.strategies.llm_gate | Document gate LLM: is_document=True detected=cnic doc_conf=100.0 type_conf=100.0
2026-08-07 17:38:06 | INFO     | app.ocr_pipeline.document_extract | LLM cnic vision extraction complete (gemini_vision): filled=8
2026-08-07 17:39:16 | INFO     | app.document_detection.strategies.llm_gate | Document gate LLM: is_document=True detected=cnic doc_conf=100.0 type_conf=100.0
2026-08-07 17:39:30 | INFO     | app.document_detection.strategies.llm_gate | Document gate LLM: is_document=True detected=cnic doc_conf=100.0 type_conf=100.0
2026-08-07 17:39:46 | INFO     | app.ocr_pipeline.document_extract | LLM cnic vision extraction complete (gemini_vision): filled=8
2026-08-07 17:40:14 | INFO     | app.document_detection.strategies.llm_gate | Document gate LLM: is_document=True detected=cnic doc_conf=100.0 type_conf=100.0
2026-08-07 17:40:30 | INFO     | app.ocr_pipeline.document_extract | LLM cnic vision extraction complete (gemini_vision): filled=8
2026-08-07 17:47:39 | INFO     | app.db_migrate | Ensured branch_entries schema
2026-08-07 17:47:39 | INFO     | app.db_migrate | Ensured signature_records schema
2026-08-07 17:47:39 | INFO     | app.db_migrate | Ensured verifications schema
2026-08-07 17:47:39 | INFO     | app.db | Database initialized and seeded
2026-08-07 17:47:39 | INFO     | app.services.analysis_queue | Analysis queue worker started
2026-08-07 17:47:39 | INFO     | app.services.email_queue | Queued verification VER-eed71dcf18a04d73 for email delivery
2026-08-07 17:47:39 | INFO     | app.services.email_queue | Queued verification VER-9109d19758d94583 for email delivery
2026-08-07 17:47:39 | INFO     | app.services.email_queue | Queued verification VER-3ce1bcd64f3c430d for email delivery
2026-08-07 17:47:39 | INFO     | app.services.email_queue | Queued verification VER-2fabe8c3049043a5 for email delivery
2026-08-07 17:47:39 | INFO     | app.services.email_queue | Queued verification VER-0997e7bb5daf460f for email delivery
2026-08-07 17:47:39 | INFO     | app.services.email_queue | Queued verification VER-f047c946949b4bec for email delivery
2026-08-07 17:47:39 | INFO     | app.services.email_queue | Recovered 6 pending verification(s) into email queue
2026-08-07 17:47:39 | INFO     | app.services.email_queue | Verification email queue started
2026-08-07 17:47:44 | INFO     | app.services.email_queue | Verification email delivered for VER-eed71dcf18a04d73
2026-08-07 17:47:49 | INFO     | app.services.email_queue | Verification email delivered for VER-9109d19758d94583
2026-08-07 17:47:54 | INFO     | app.services.email_queue | Verification email delivered for VER-3ce1bcd64f3c430d
2026-08-07 17:47:59 | INFO     | app.services.email_queue | Verification email delivered for VER-2fabe8c3049043a5
2026-08-07 17:48:03 | INFO     | app.services.email_queue | Verification email delivered for VER-0997e7bb5daf460f
2026-08-07 17:48:08 | INFO     | app.services.email_queue | Verification email delivered for VER-f047c946949b4bec
2026-08-07 17:51:04 | INFO     | app.db_migrate | Ensured branch_entries schema
2026-08-07 17:51:04 | INFO     | app.db_migrate | Ensured signature_records schema
2026-08-07 17:51:04 | INFO     | app.db_migrate | Ensured verifications schema
2026-08-07 17:51:04 | INFO     | app.db | Database initialized and seeded
2026-08-07 17:51:04 | INFO     | app.services.analysis_queue | Analysis queue worker started
2026-08-07 17:51:04 | INFO     | app.services.email_queue | Queued verification VER-f047c946949b4bec for email delivery
2026-08-07 17:51:04 | INFO     | app.services.email_queue | Queued verification VER-eed71dcf18a04d73 for email delivery
2026-08-07 17:51:04 | INFO     | app.services.email_queue | Queued verification VER-9109d19758d94583 for email delivery
2026-08-07 17:51:04 | INFO     | app.services.email_queue | Queued verification VER-3ce1bcd64f3c430d for email delivery
2026-08-07 17:51:04 | INFO     | app.services.email_queue | Queued verification VER-2fabe8c3049043a5 for email delivery
2026-08-07 17:51:04 | INFO     | app.services.email_queue | Queued verification VER-0997e7bb5daf460f for email delivery
2026-08-07 17:51:04 | INFO     | app.services.email_queue | Recovered 6 pending verification(s) into email queue
2026-08-07 17:51:04 | INFO     | app.services.email_queue | Verification email queue started
2026-08-07 17:51:09 | INFO     | app.services.email_queue | Verification email delivered for VER-f047c946949b4bec
2026-08-07 17:51:14 | INFO     | app.services.email_queue | Verification email delivered for VER-eed71dcf18a04d73
2026-08-07 17:58:29 | INFO     | app.db_migrate | Ensured branch_entries schema
2026-08-07 17:58:29 | INFO     | app.db_migrate | Ensured signature_records schema
2026-08-07 17:58:29 | INFO     | app.db_migrate | Ensured verifications schema
2026-08-07 17:58:29 | INFO     | app.db | Database initialized and seeded
2026-08-07 17:58:29 | INFO     | app.services.analysis_queue | Analysis queue worker started
2026-08-07 17:58:29 | INFO     | app.services.email_queue | Queued verification VER-f047c946949b4bec for email delivery
2026-08-07 17:58:29 | INFO     | app.services.email_queue | Queued verification VER-eed71dcf18a04d73 for email delivery
2026-08-07 17:58:29 | INFO     | app.services.email_queue | Queued verification VER-9109d19758d94583 for email delivery
2026-08-07 17:58:29 | INFO     | app.services.email_queue | Queued verification VER-3ce1bcd64f3c430d for email delivery
2026-08-07 17:58:29 | INFO     | app.services.email_queue | Queued verification VER-2fabe8c3049043a5 for email delivery
2026-08-07 17:58:29 | INFO     | app.services.email_queue | Queued verification VER-0997e7bb5daf460f for email delivery
2026-08-07 17:58:29 | INFO     | app.services.email_queue | Recovered 6 pending verification(s) into email queue
2026-08-07 17:58:29 | INFO     | app.services.email_queue | Verification email queue started
2026-08-07 17:58:34 | INFO     | app.services.email_queue | Verification email delivered for VER-f047c946949b4bec
2026-08-07 17:58:38 | INFO     | app.services.email_queue | Verification email delivered for VER-eed71dcf18a04d73
2026-08-07 17:58:45 | INFO     | app.services.email_queue | Verification email delivered for VER-9109d19758d94583
2026-08-07 17:58:50 | INFO     | app.services.email_queue | Verification email delivered for VER-3ce1bcd64f3c430d
2026-08-07 17:58:55 | INFO     | app.services.email_queue | Verification email delivered for VER-2fabe8c3049043a5
2026-08-07 17:59:00 | INFO     | app.services.email_queue | Verification email delivered for VER-0997e7bb5daf460f
2026-08-07 18:04:19 | INFO     | app.db_migrate | Ensured branch_entries schema
2026-08-07 18:04:19 | INFO     | app.db_migrate | Ensured signature_records schema
2026-08-07 18:04:19 | INFO     | app.db_migrate | Ensured verifications schema
2026-08-07 18:04:19 | INFO     | app.db | Database initialized and seeded
2026-08-07 18:04:19 | INFO     | app.services.analysis_queue | Analysis queue worker started
2026-08-07 18:04:19 | INFO     | app.services.email_queue | Queued verification VER-f047c946949b4bec for email delivery
2026-08-07 18:04:19 | INFO     | app.services.email_queue | Queued verification VER-eed71dcf18a04d73 for email delivery
2026-08-07 18:04:19 | INFO     | app.services.email_queue | Queued verification VER-9109d19758d94583 for email delivery
2026-08-07 18:04:19 | INFO     | app.services.email_queue | Queued verification VER-3ce1bcd64f3c430d for email delivery
2026-08-07 18:04:19 | INFO     | app.services.email_queue | Queued verification VER-2fabe8c3049043a5 for email delivery
2026-08-07 18:04:19 | INFO     | app.services.email_queue | Queued verification VER-0997e7bb5daf460f for email delivery
2026-08-07 18:04:19 | INFO     | app.services.email_queue | Recovered 6 pending verification(s) into email queue
2026-08-07 18:04:19 | INFO     | app.services.email_queue | Verification email queue started
2026-08-07 18:04:24 | INFO     | app.services.email_queue | Verification email delivered for VER-f047c946949b4bec
2026-08-07 18:04:29 | INFO     | app.services.email_queue | Verification email delivered for VER-eed71dcf18a04d73
2026-08-07 18:04:34 | INFO     | app.services.email_queue | Verification email delivered for VER-9109d19758d94583
2026-08-07 18:04:39 | INFO     | app.services.email_queue | Verification email delivered for VER-3ce1bcd64f3c430d
2026-08-07 18:04:44 | INFO     | app.services.email_queue | Verification email delivered for VER-2fabe8c3049043a5
2026-08-07 18:04:49 | INFO     | app.services.email_queue | Verification email delivered for VER-0997e7bb5daf460f
2026-08-07 18:47:29 | INFO     | app.db_migrate | Ensured branch_entries schema
2026-08-07 18:47:29 | INFO     | app.db_migrate | Ensured signature_records schema
2026-08-07 18:47:29 | INFO     | app.db_migrate | Ensured verifications schema
2026-08-07 18:47:29 | INFO     | app.db | Database initialized and seeded
2026-08-07 18:47:29 | INFO     | app.services.analysis_queue | Analysis queue worker started
2026-08-07 18:47:29 | INFO     | app.services.email_queue | Queued verification VER-3ce1bcd64f3c430d for email delivery
2026-08-07 18:47:29 | INFO     | app.services.email_queue | Queued verification VER-2fabe8c3049043a5 for email delivery
2026-08-07 18:47:29 | INFO     | app.services.email_queue | Queued verification VER-0997e7bb5daf460f for email delivery
2026-08-07 18:47:29 | INFO     | app.services.email_queue | Queued verification VER-f047c946949b4bec for email delivery
2026-08-07 18:47:29 | INFO     | app.services.email_queue | Queued verification VER-eed71dcf18a04d73 for email delivery
2026-08-07 18:47:29 | INFO     | app.services.email_queue | Queued verification VER-9109d19758d94583 for email delivery
2026-08-07 18:47:29 | INFO     | app.services.email_queue | Recovered 6 pending verification(s) into email queue
2026-08-07 18:47:29 | INFO     | app.services.email_queue | Verification email queue started
2026-08-07 18:47:35 | INFO     | app.services.email_queue | Verification email delivered for VER-3ce1bcd64f3c430d
2026-08-07 18:47:39 | INFO     | app.services.email_queue | Verification email delivered for VER-2fabe8c3049043a5
2026-08-07 18:47:45 | INFO     | app.services.email_queue | Verification email delivered for VER-0997e7bb5daf460f
2026-08-07 18:47:50 | INFO     | app.services.email_queue | Verification email delivered for VER-f047c946949b4bec
2026-08-07 18:47:55 | INFO     | app.services.email_queue | Verification email delivered for VER-eed71dcf18a04d73
2026-08-07 18:48:00 | INFO     | app.services.email_queue | Verification email delivered for VER-9109d19758d94583
2026-08-07 19:02:19 | INFO     | app.db_migrate | Ensured branch_entries schema
2026-08-07 19:02:19 | INFO     | app.db_migrate | Ensured signature_records schema
2026-08-07 19:02:19 | INFO     | app.db_migrate | Ensured verifications schema
2026-08-07 19:02:19 | INFO     | app.db | Database initialized and seeded
2026-08-07 19:02:19 | INFO     | app.services.analysis_queue | Analysis queue worker started
2026-08-07 19:02:19 | INFO     | app.services.email_queue | Queued verification VER-3ce1bcd64f3c430d for email delivery
2026-08-07 19:02:19 | INFO     | app.services.email_queue | Queued verification VER-2fabe8c3049043a5 for email delivery
2026-08-07 19:02:19 | INFO     | app.services.email_queue | Queued verification VER-0997e7bb5daf460f for email delivery
2026-08-07 19:02:19 | INFO     | app.services.email_queue | Queued verification VER-f047c946949b4bec for email delivery
2026-08-07 19:02:19 | INFO     | app.services.email_queue | Queued verification VER-eed71dcf18a04d73 for email delivery
2026-08-07 19:02:19 | INFO     | app.services.email_queue | Queued verification VER-9109d19758d94583 for email delivery
2026-08-07 19:02:19 | INFO     | app.services.email_queue | Recovered 6 pending verification(s) into email queue
2026-08-07 19:02:19 | INFO     | app.services.email_queue | Verification email queue started
2026-08-07 19:02:24 | INFO     | app.services.email_queue | Verification email delivered for VER-3ce1bcd64f3c430d
2026-08-07 19:02:29 | INFO     | app.services.email_queue | Verification email delivered for VER-2fabe8c3049043a5
2026-08-07 19:02:34 | INFO     | app.services.email_queue | Verification email delivered for VER-0997e7bb5daf460f
2026-08-07 19:02:39 | INFO     | app.services.email_queue | Verification email delivered for VER-f047c946949b4bec
2026-08-07 19:02:44 | INFO     | app.services.email_queue | Verification email delivered for VER-eed71dcf18a04d73
2026-08-07 19:02:49 | INFO     | app.services.email_queue | Verification email delivered for VER-9109d19758d94583
2026-08-07 19:08:27 | INFO     | app.db_migrate | Ensured branch_entries schema
2026-08-07 19:08:27 | INFO     | app.db_migrate | Ensured signature_records schema
2026-08-07 19:08:27 | INFO     | app.db_migrate | Ensured verifications schema
2026-08-07 19:08:27 | INFO     | app.db | Database initialized and seeded
2026-08-07 19:08:27 | INFO     | app.services.analysis_queue | Analysis queue worker started
2026-08-07 19:08:27 | INFO     | app.services.email_queue | Queued verification VER-eed71dcf18a04d73 for email delivery
2026-08-07 19:08:27 | INFO     | app.services.email_queue | Queued verification VER-9109d19758d94583 for email delivery
2026-08-07 19:08:27 | INFO     | app.services.email_queue | Queued verification VER-3ce1bcd64f3c430d for email delivery
2026-08-07 19:08:27 | INFO     | app.services.email_queue | Queued verification VER-2fabe8c3049043a5 for email delivery
2026-08-07 19:08:27 | INFO     | app.services.email_queue | Queued verification VER-0997e7bb5daf460f for email delivery
2026-08-07 19:08:27 | INFO     | app.services.email_queue | Queued verification VER-f047c946949b4bec for email delivery
2026-08-07 19:08:27 | INFO     | app.services.email_queue | Recovered 6 pending verification(s) into email queue
2026-08-07 19:08:27 | INFO     | app.services.email_queue | Verification email queue started
2026-08-07 19:08:32 | INFO     | app.services.email_queue | Verification email delivered for VER-eed71dcf18a04d73
2026-08-07 19:08:37 | INFO     | app.services.email_queue | Verification email delivered for VER-9109d19758d94583
2026-08-07 19:08:42 | INFO     | app.services.email_queue | Verification email delivered for VER-3ce1bcd64f3c430d
2026-08-07 19:08:47 | INFO     | app.services.email_queue | Verification email delivered for VER-2fabe8c3049043a5
2026-08-07 19:08:52 | INFO     | app.services.email_queue | Verification email delivered for VER-0997e7bb5daf460f
2026-08-07 19:08:56 | INFO     | app.services.email_queue | Verification email delivered for VER-f047c946949b4bec
2026-08-07 19:23:03 | INFO     | app.db_migrate | Ensured branch_entries schema
2026-08-07 19:23:03 | INFO     | app.db_migrate | Ensured signature_records schema
2026-08-07 19:23:03 | INFO     | app.db_migrate | Ensured verifications schema
2026-08-07 19:23:03 | INFO     | app.db | Database initialized and seeded
2026-08-07 19:23:03 | INFO     | app.services.analysis_queue | Analysis queue worker started
2026-08-07 19:23:03 | INFO     | app.services.email_queue | Queued verification VER-eed71dcf18a04d73 for email delivery
2026-08-07 19:23:03 | INFO     | app.services.email_queue | Queued verification VER-9109d19758d94583 for email delivery
2026-08-07 19:23:03 | INFO     | app.services.email_queue | Queued verification VER-3ce1bcd64f3c430d for email delivery
2026-08-07 19:23:03 | INFO     | app.services.email_queue | Queued verification VER-2fabe8c3049043a5 for email delivery
2026-08-07 19:23:03 | INFO     | app.services.email_queue | Queued verification VER-0997e7bb5daf460f for email delivery
2026-08-07 19:23:03 | INFO     | app.services.email_queue | Queued verification VER-f047c946949b4bec for email delivery
2026-08-07 19:23:03 | INFO     | app.services.email_queue | Recovered 6 pending verification(s) into email queue
2026-08-07 19:23:03 | INFO     | app.services.email_queue | Verification email queue started
2026-08-07 19:23:08 | INFO     | app.services.email_queue | Verification email delivered for VER-eed71dcf18a04d73
2026-08-07 19:23:14 | INFO     | app.services.email_queue | Verification email delivered for VER-9109d19758d94583
2026-08-07 19:23:19 | INFO     | app.services.email_queue | Verification email delivered for VER-3ce1bcd64f3c430d
2026-08-07 19:23:24 | INFO     | app.services.email_queue | Verification email delivered for VER-2fabe8c3049043a5
2026-08-07 19:23:30 | INFO     | app.services.email_queue | Verification email delivered for VER-0997e7bb5daf460f
2026-08-07 19:23:35 | INFO     | app.services.email_queue | Verification email delivered for VER-f047c946949b4bec
2026-08-07 19:37:16 | INFO     | app.db_migrate | Ensured branch_entries schema
2026-08-07 19:37:16 | INFO     | app.db_migrate | Ensured signature_records schema
2026-08-07 19:37:16 | INFO     | app.db_migrate | Ensured verifications schema
2026-08-07 19:37:16 | INFO     | app.db | Database initialized and seeded
2026-08-07 19:37:16 | INFO     | app.services.analysis_queue | Analysis queue worker started
2026-08-07 19:37:16 | INFO     | app.services.email_queue | Queued verification VER-0997e7bb5daf460f for email delivery
2026-08-07 19:37:16 | INFO     | app.services.email_queue | Queued verification VER-f047c946949b4bec for email delivery
2026-08-07 19:37:16 | INFO     | app.services.email_queue | Queued verification VER-eed71dcf18a04d73 for email delivery
2026-08-07 19:37:16 | INFO     | app.services.email_queue | Queued verification VER-9109d19758d94583 for email delivery
2026-08-07 19:37:16 | INFO     | app.services.email_queue | Queued verification VER-3ce1bcd64f3c430d for email delivery
2026-08-07 19:37:16 | INFO     | app.services.email_queue | Queued verification VER-2fabe8c3049043a5 for email delivery
2026-08-07 19:37:16 | INFO     | app.services.email_queue | Recovered 6 pending verification(s) into email queue
2026-08-07 19:37:16 | INFO     | app.services.email_queue | Verification email queue started
2026-08-07 19:37:20 | INFO     | app.services.email_queue | Verification email delivered for VER-0997e7bb5daf460f
2026-08-07 19:37:25 | INFO     | app.services.email_queue | Verification email delivered for VER-f047c946949b4bec
2026-08-07 19:37:30 | INFO     | app.services.email_queue | Verification email delivered for VER-eed71dcf18a04d73
2026-08-07 19:37:35 | INFO     | app.services.email_queue | Verification email delivered for VER-9109d19758d94583
2026-08-07 19:37:40 | INFO     | app.services.email_queue | Verification email delivered for VER-3ce1bcd64f3c430d
2026-08-07 19:37:45 | INFO     | app.services.email_queue | Verification email delivered for VER-2fabe8c3049043a5
2026-08-07 20:06:48 | INFO     | app.db_migrate | Ensured branch_entries schema
2026-08-07 20:06:48 | INFO     | app.db_migrate | Ensured signature_records schema
2026-08-07 20:06:48 | INFO     | app.db_migrate | Ensured verifications schema
2026-08-07 20:06:48 | INFO     | app.db | Database initialized and seeded
2026-08-07 20:06:48 | INFO     | app.services.analysis_queue | Analysis queue worker started
2026-08-07 20:06:48 | INFO     | app.services.email_queue | Queued verification VER-0997e7bb5daf460f for email delivery
2026-08-07 20:06:48 | INFO     | app.services.email_queue | Queued verification VER-f047c946949b4bec for email delivery
2026-08-07 20:06:48 | INFO     | app.services.email_queue | Queued verification VER-eed71dcf18a04d73 for email delivery
2026-08-07 20:06:48 | INFO     | app.services.email_queue | Queued verification VER-9109d19758d94583 for email delivery
2026-08-07 20:06:48 | INFO     | app.services.email_queue | Queued verification VER-3ce1bcd64f3c430d for email delivery
2026-08-07 20:06:48 | INFO     | app.services.email_queue | Queued verification VER-2fabe8c3049043a5 for email delivery
2026-08-07 20:06:48 | INFO     | app.services.email_queue | Recovered 6 pending verification(s) into email queue
2026-08-07 20:06:48 | INFO     | app.services.email_queue | Verification email queue started
2026-08-07 20:06:53 | INFO     | app.services.email_queue | Verification email delivered for VER-0997e7bb5daf460f
2026-08-07 20:06:58 | INFO     | app.services.email_queue | Verification email delivered for VER-f047c946949b4bec
2026-08-07 20:07:03 | INFO     | app.services.email_queue | Verification email delivered for VER-eed71dcf18a04d73
2026-08-07 20:07:08 | INFO     | app.services.email_queue | Verification email delivered for VER-9109d19758d94583
2026-08-07 20:07:13 | INFO     | app.services.email_queue | Verification email delivered for VER-3ce1bcd64f3c430d
2026-08-07 20:07:18 | INFO     | app.services.email_queue | Verification email delivered for VER-2fabe8c3049043a5
2026-08-08 12:51:39 | INFO     | app.db_migrate | Ensured branch_entries schema
2026-08-08 12:51:39 | INFO     | app.db_migrate | Ensured signature_records schema
2026-08-08 12:51:39 | INFO     | app.db_migrate | Ensured verifications schema
2026-08-08 12:51:39 | INFO     | app.db | Database initialized and seeded
2026-08-08 12:51:39 | INFO     | app.services.analysis_queue | Analysis queue worker started
2026-08-08 12:51:39 | INFO     | app.services.email_queue | Queued verification VER-3ce1bcd64f3c430d for email delivery
2026-08-08 12:51:39 | INFO     | app.services.email_queue | Queued verification VER-2fabe8c3049043a5 for email delivery
2026-08-08 12:51:39 | INFO     | app.services.email_queue | Queued verification VER-0997e7bb5daf460f for email delivery
2026-08-08 12:51:39 | INFO     | app.services.email_queue | Queued verification VER-f047c946949b4bec for email delivery
2026-08-08 12:51:39 | INFO     | app.services.email_queue | Queued verification VER-eed71dcf18a04d73 for email delivery
2026-08-08 12:51:39 | INFO     | app.services.email_queue | Queued verification VER-9109d19758d94583 for email delivery
2026-08-08 12:51:39 | INFO     | app.services.email_queue | Recovered 6 pending verification(s) into email queue
2026-08-08 12:51:39 | INFO     | app.services.email_queue | Verification email queue started
2026-08-08 12:51:44 | INFO     | app.services.email_queue | Verification email delivered for VER-3ce1bcd64f3c430d
2026-08-08 12:51:49 | INFO     | app.services.email_queue | Verification email delivered for VER-2fabe8c3049043a5
2026-08-08 12:51:54 | INFO     | app.services.email_queue | Verification email delivered for VER-0997e7bb5daf460f
2026-08-08 12:51:59 | INFO     | app.services.email_queue | Verification email delivered for VER-f047c946949b4bec
2026-08-08 12:52:04 | INFO     | app.services.email_queue | Verification email delivered for VER-eed71dcf18a04d73
2026-08-08 12:52:09 | INFO     | app.services.email_queue | Verification email delivered for VER-9109d19758d94583
2026-08-08 14:00:49 | INFO     | app.db_migrate | Ensured branch_entries schema
2026-08-08 14:00:49 | INFO     | app.db_migrate | Ensured signature_records schema
2026-08-08 14:00:49 | INFO     | app.db_migrate | Ensured verifications schema
2026-08-08 14:00:49 | INFO     | app.db | Database initialized and seeded
2026-08-08 14:00:49 | INFO     | app.services.analysis_queue | Analysis queue worker started
2026-08-08 14:00:49 | INFO     | app.services.email_queue | Queued verification VER-3ce1bcd64f3c430d for email delivery
2026-08-08 14:00:49 | INFO     | app.services.email_queue | Queued verification VER-2fabe8c3049043a5 for email delivery
2026-08-08 14:00:49 | INFO     | app.services.email_queue | Queued verification VER-0997e7bb5daf460f for email delivery
2026-08-08 14:00:49 | INFO     | app.services.email_queue | Queued verification VER-f047c946949b4bec for email delivery
2026-08-08 14:00:49 | INFO     | app.services.email_queue | Queued verification VER-eed71dcf18a04d73 for email delivery
2026-08-08 14:00:49 | INFO     | app.services.email_queue | Queued verification VER-9109d19758d94583 for email delivery
2026-08-08 14:00:49 | INFO     | app.services.email_queue | Recovered 6 pending verification(s) into email queue
2026-08-08 14:00:49 | INFO     | app.services.email_queue | Verification email queue started
2026-08-08 14:00:54 | INFO     | app.services.email_queue | Verification email delivered for VER-3ce1bcd64f3c430d
2026-08-08 14:00:59 | INFO     | app.services.email_queue | Verification email delivered for VER-2fabe8c3049043a5
2026-08-08 14:01:04 | INFO     | app.services.email_queue | Verification email delivered for VER-0997e7bb5daf460f
2026-08-08 14:01:09 | INFO     | app.services.email_queue | Verification email delivered for VER-f047c946949b4bec
2026-08-08 14:01:14 | INFO     | app.services.email_queue | Verification email delivered for VER-eed71dcf18a04d73
2026-08-08 14:01:19 | INFO     | app.services.email_queue | Verification email delivered for VER-9109d19758d94583
2026-08-08 14:06:38 | INFO     | app.db_migrate | Ensured branch_entries schema
2026-08-08 14:06:38 | INFO     | app.db_migrate | Ensured signature_records schema
2026-08-08 14:06:38 | INFO     | app.db_migrate | Ensured verifications schema
2026-08-08 14:06:38 | INFO     | app.db | Database initialized and seeded
2026-08-08 14:06:38 | INFO     | app.services.analysis_queue | Analysis queue worker started
2026-08-08 14:06:38 | INFO     | app.services.email_queue | Queued verification VER-9109d19758d94583 for email delivery
2026-08-08 14:06:38 | INFO     | app.services.email_queue | Queued verification VER-3ce1bcd64f3c430d for email delivery
2026-08-08 14:06:38 | INFO     | app.services.email_queue | Queued verification VER-2fabe8c3049043a5 for email delivery
2026-08-08 14:06:38 | INFO     | app.services.email_queue | Queued verification VER-0997e7bb5daf460f for email delivery
2026-08-08 14:06:38 | INFO     | app.services.email_queue | Queued verification VER-f047c946949b4bec for email delivery
2026-08-08 14:06:38 | INFO     | app.services.email_queue | Queued verification VER-eed71dcf18a04d73 for email delivery
2026-08-08 14:06:38 | INFO     | app.services.email_queue | Recovered 6 pending verification(s) into email queue
2026-08-08 14:06:38 | INFO     | app.services.email_queue | Verification email queue started
2026-08-08 14:06:43 | INFO     | app.services.email_queue | Verification email delivered for VER-9109d19758d94583
2026-08-08 14:06:48 | INFO     | app.services.email_queue | Verification email delivered for VER-3ce1bcd64f3c430d
2026-08-08 14:06:54 | INFO     | app.services.email_queue | Verification email delivered for VER-2fabe8c3049043a5
2026-08-08 14:06:59 | INFO     | app.services.email_queue | Verification email delivered for VER-0997e7bb5daf460f
2026-08-08 14:07:04 | INFO     | app.services.email_queue | Verification email delivered for VER-f047c946949b4bec
2026-08-08 14:07:09 | INFO     | app.services.email_queue | Verification email delivered for VER-eed71dcf18a04d73
2026-08-08 14:18:56 | INFO     | app.services.ocr_service | Running OCR on image: tmpvys2lnsr.png
2026-08-08 14:18:57 | WARNING  | app.services.classifier | Unable to classify document from OCR text
2026-08-08 14:18:57 | INFO     | app.services.ocr_service | Running OCR on image: tmpr_lwcqjy.png
2026-08-08 14:18:58 | INFO     | app.services.ocr_service | Running OCR on image: tmprqy_lk6e.png
2026-08-08 14:18:58 | INFO     | app.services.classifier | Classified document as payslip (confidence=0.45)
2026-08-08 14:19:39 | INFO     | app.ocr_pipeline.document_extract | LLM payslip vision extraction complete (gemini_vision): filled=25
2026-08-08 14:19:39 | INFO     | app.services.ocr_service | Running OCR on image: tmpe2qkr7do.png
2026-08-08 14:19:40 | INFO     | app.services.ocr_service | Running OCR on image: tmpcsnldlyq.png
2026-08-08 14:19:42 | INFO     | app.services.classifier | Classified document as cnic (confidence=0.10)
2026-08-08 14:21:05 | ERROR    | app.ocr_pipeline.document_extract | Failed to parse cnic LLM JSON: invalid syntax (<unknown>, line 10) | raw='The user wants to extract information from an image of a document.\nThe document is a "United Bank Ltd. Application / Remittance Form", not a CNIC card itself, but it contains fields for a remitter\'s details, including a CNIC number.\n\nLooking at the "Remitter/Applicant\'s Details" section:\n- Name: Syed Huzair Aslam\n- Father/Husband Name: Syed Aslam Manzoor\n- Identification (CNIC/SNIC): 42101010101280228 (Wait, let me re-read the digits).\n  - The boxes show: 4 2 1 0 1 0 1 0 1 0 1 2 8 0 2 2 8. This '
2026-08-08 14:21:05 | ERROR    | app.routes.branch | Workflow processing failed: LLM returned invalid JSON: invalid syntax (<unknown>, line 10)
Traceback (most recent call last):
  File "E:\Document_Scan\app\ocr_pipeline\document_extract.py", line 221, in _parse_llm_json
    parsed = json.loads(cleaned)
             ^^^^^^^^^^^^^^^^^^^
  File "C:\Users\syedh\AppData\Local\Programs\Python\Python311\Lib\json\__init__.py", line 346, in loads
    return _default_decoder.decode(s)
           ^^^^^^^^^^^^^^^^^^^^^^^^^^
  File "C:\Users\syedh\AppData\Local\Programs\Python\Python311\Lib\json\decoder.py", line 340, in decode
    raise JSONDecodeError("Extra data", s, end)
json.decoder.JSONDecodeError: Extra data: line 10 column 2 (char 245)

During handling of the above exception, another exception occurred:

Traceback (most recent call last):
  File "E:\Document_Scan\app\ocr_pipeline\document_extract.py", line 227, in _parse_llm_json
    parsed = ast.literal_eval(cleaned)
             ^^^^^^^^^^^^^^^^^^^^^^^^^
  File "C:\Users\syedh\AppData\Local\Programs\Python\Python311\Lib\ast.py", line 62, in literal_eval
    node_or_string = parse(node_or_string.lstrip(" \t"), mode='eval')
                     ^^^^^^^^^^^^^^^^^^^^^^^^^^^^^^^^^^^^^^^^^^^^^^^^
  File "C:\Users\syedh\AppData\Local\Programs\Python\Python311\Lib\ast.py", line 50, in parse
    return compile(source, filename, mode, flags,
           ^^^^^^^^^^^^^^^^^^^^^^^^^^^^^^^^^^^^^^
  File "<unknown>", line 10
    }{"name": "Syed Huzair Aslam", "father_name": "Syed Aslam Manzoor", "gender": null, "country_to_stay": "Pakistan", "cnic_number": "42101-0101012-8", "date_of_birth": null, "issue_date": null, "expiry_date": null}
     ^
SyntaxError: invalid syntax

The above exception was the direct cause of the following exception:

Traceback (most recent call last):
  File "E:\Document_Scan\app\routes\branch.py", line 1073, in process_workflow
    result = service.process_workflow(workflow_type, data)
             ^^^^^^^^^^^^^^^^^^^^^^^^^^^^^^^^^^^^^^^^^^^^^
  File "E:\Document_Scan\app\services\workflow_service.py", line 86, in process_workflow
    documents = self._classify_and_extract_pages(rendered_pages)
                ^^^^^^^^^^^^^^^^^^^^^^^^^^^^^^^^^^^^^^^^^^^^^^^^
  File "E:\Document_Scan\app\services\workflow_service.py", line 188, in _classify_and_extract_pages
    extraction = self._extract_page(page_data["image_bytes"], doc_type, page_number)
                 ^^^^^^^^^^^^^^^^^^^^^^^^^^^^^^^^^^^^^^^^^^^^^^^^^^^^^^^^^^^^^^^^^^^
  File "E:\Document_Scan\app\services\workflow_service.py", line 231, in _extract_page
    return self._extract_structured_document(image_bytes, document_type)
           ^^^^^^^^^^^^^^^^^^^^^^^^^^^^^^^^^^^^^^^^^^^^^^^^^^^^^^^^^^^^^
  File "E:\Document_Scan\app\services\workflow_service.py", line 267, in _extract_structured_document
    extracted = extract_document_with_llm(document_type, str(tmp_path), branch=True)
                ^^^^^^^^^^^^^^^^^^^^^^^^^^^^^^^^^^^^^^^^^^^^^^^^^^^^^^^^^^^^^^^^^^^^
  File "E:\Document_Scan\app\ocr_pipeline\document_extract.py", line 421, in extract_document_with_llm
    result = _extract_with_vision(
             ^^^^^^^^^^^^^^^^^^^^^
  File "E:\Document_Scan\app\ocr_pipeline\document_extract.py", line 373, in _extract_with_vision
    parsed = _parse_llm_json(raw, document_type)
             ^^^^^^^^^^^^^^^^^^^^^^^^^^^^^^^^^^^
  File "E:\Document_Scan\app\ocr_pipeline\document_extract.py", line 233, in _parse_llm_json
    raise RuntimeError(f"LLM returned invalid JSON: {exc}") from exc
RuntimeError: LLM returned invalid JSON: invalid syntax (<unknown>, line 10)
2026-08-08 14:46:27 | INFO     | app.db_migrate | Ensured branch_entries schema
2026-08-08 14:46:27 | INFO     | app.db_migrate | Ensured signature_records schema
2026-08-08 14:46:27 | INFO     | app.db_migrate | Ensured verifications schema
2026-08-08 14:46:27 | INFO     | app.db | Database initialized and seeded
2026-08-08 14:46:27 | INFO     | app.services.analysis_queue | Analysis queue worker started
2026-08-08 14:46:28 | INFO     | app.services.email_queue | Verification email queue started
2026-08-08 14:46:40 | INFO     | app.services.ocr_service | Running OCR on image: tmp5rsbcg3l.png
2026-08-08 14:46:41 | WARNING  | app.services.classifier | Unable to classify document from OCR text
2026-08-08 14:46:41 | INFO     | app.services.ocr_service | Running OCR on image: tmpcbjlh2rf.png
2026-08-08 14:46:41 | INFO     | app.services.ocr_service | Running OCR on image: tmp85irz3tt.png
2026-08-08 14:46:42 | INFO     | app.services.classifier | Classified document as payslip (confidence=0.45)
2026-08-08 14:46:42 | INFO     | app.services.ocr_service | Running OCR on image: tmpdg69nwqn.png
2026-08-08 14:46:42 | INFO     | app.services.workflow_service | Workflow OCR-only extraction for payslip: filled=0
2026-08-08 14:46:42 | INFO     | app.services.ocr_service | Running OCR on image: tmpds9dgs6v.png
2026-08-08 14:46:44 | INFO     | app.services.classifier | Classified document as cnic (confidence=0.10)
2026-08-08 14:46:44 | INFO     | app.services.ocr_service | Running OCR on image: tmpya28pu1q.png
2026-08-08 14:46:46 | INFO     | app.services.workflow_service | Workflow OCR-only extraction for cnic: filled=0
2026-08-08 14:46:46 | INFO     | app.services.ocr_service | Running OCR on image: tmp0tkg8v4q.png
2026-08-08 14:46:46 | INFO     | app.services.ocr_service | Running OCR on image: tmpm6j4vwwl.png
2026-08-08 14:46:46 | INFO     | app.services.ocr_service | Running OCR on image: tmptpi3t4ll.png
2026-08-08 14:46:47 | INFO     | app.services.classifier | Classified document as payslip (confidence=0.18)
2026-08-08 14:46:47 | INFO     | app.services.ocr_service | Running OCR on image: tmph6l2i95g.png
2026-08-08 14:46:48 | INFO     | app.services.workflow_service | Workflow OCR-only extraction for payslip: filled=0
2026-08-08 14:47:38 | INFO     | app.services.ocr_service | Running OCR on image: tmp7fanptv4.png
2026-08-08 14:47:38 | WARNING  | app.services.classifier | Unable to classify document from OCR text
2026-08-08 14:47:38 | INFO     | app.services.ocr_service | Running OCR on image: tmpuqvyr9rd.png
2026-08-08 14:47:39 | INFO     | app.services.ocr_service | Running OCR on image: tmp4mljrpfu.png
2026-08-08 14:47:39 | INFO     | app.services.classifier | Classified document as payslip (confidence=0.45)
2026-08-08 14:47:39 | INFO     | app.services.ocr_service | Running OCR on image: tmpl5kjrxb7.png
2026-08-08 14:47:40 | INFO     | app.services.workflow_service | Workflow OCR-only extraction for payslip: filled=0
2026-08-08 14:47:40 | INFO     | app.services.ocr_service | Running OCR on image: tmpt3qukk3k.png
2026-08-08 14:47:41 | INFO     | app.services.classifier | Classified document as cnic (confidence=0.10)
2026-08-08 14:47:41 | INFO     | app.services.ocr_service | Running OCR on image: tmp4tscppj0.png
2026-08-08 14:47:43 | INFO     | app.services.workflow_service | Workflow OCR-only extraction for cnic: filled=0
2026-08-08 14:47:43 | INFO     | app.services.ocr_service | Running OCR on image: tmp_k1ff0nz.png
2026-08-08 14:47:44 | INFO     | app.services.ocr_service | Running OCR on image: tmpe0jhymr1.png
2026-08-08 14:47:44 | INFO     | app.services.ocr_service | Running OCR on image: tmps7209p1_.png
2026-08-08 14:47:45 | INFO     | app.services.classifier | Classified document as payslip (confidence=0.18)
2026-08-08 14:47:45 | INFO     | app.services.ocr_service | Running OCR on image: tmppqvfw4mn.png
2026-08-08 14:47:46 | INFO     | app.services.workflow_service | Workflow OCR-only extraction for payslip: filled=0
2026-08-08 14:52:47 | INFO     | app.db_migrate | Ensured branch_entries schema
2026-08-08 14:52:47 | INFO     | app.db_migrate | Ensured signature_records schema
2026-08-08 14:52:47 | INFO     | app.db_migrate | Ensured verifications schema
2026-08-08 14:52:47 | INFO     | app.db | Database initialized and seeded
2026-08-08 14:52:47 | INFO     | app.services.analysis_queue | Analysis queue worker started
2026-08-08 14:52:47 | INFO     | app.services.email_queue | Verification email queue started
2026-08-08 14:54:59 | INFO     | app.db_migrate | Ensured branch_entries schema
2026-08-08 14:54:59 | INFO     | app.db_migrate | Ensured signature_records schema
2026-08-08 14:54:59 | INFO     | app.db_migrate | Ensured verifications schema
2026-08-08 14:54:59 | INFO     | app.db | Database initialized and seeded
2026-08-08 14:54:59 | INFO     | app.services.analysis_queue | Analysis queue worker started
2026-08-08 14:54:59 | INFO     | app.services.email_queue | Verification email queue started
2026-08-08 14:55:33 | INFO     | app.services.ocr_service | Running OCR on image: tmpjisa2oha.png
2026-08-08 14:55:33 | WARNING  | app.services.classifier | Unable to classify document from OCR text
2026-08-08 14:55:33 | INFO     | app.services.ocr_service | Running OCR on image: tmpbeqwk7z1.png
2026-08-08 14:55:34 | INFO     | app.services.ocr_service | Running OCR on image: tmpfmyn6ovb.png
2026-08-08 14:55:34 | INFO     | app.services.classifier | Classified document as payslip (confidence=0.45)
2026-08-08 14:55:34 | INFO     | app.services.ocr_service | Running OCR on image: tmpubz_664m.png
2026-08-08 14:55:35 | INFO     | app.services.workflow_service | Workflow OCR-only extraction for payslip: filled=0
2026-08-08 14:55:35 | INFO     | app.services.ocr_service | Running OCR on image: tmptijdua18.png
2026-08-08 14:55:36 | INFO     | app.services.classifier | Classified document as cnic (confidence=0.10)
2026-08-08 14:55:36 | INFO     | app.services.ocr_service | Running OCR on image: tmpgq991th5.png
2026-08-08 14:55:38 | INFO     | app.services.workflow_service | Workflow OCR-only extraction for cnic: filled=0
2026-08-08 14:55:38 | INFO     | app.services.ocr_service | Running OCR on image: tmpn1hdere9.png
2026-08-08 14:55:39 | INFO     | app.services.ocr_service | Running OCR on image: tmpjtc3k1ic.png
2026-08-08 14:55:39 | INFO     | app.services.ocr_service | Running OCR on image: tmpwmk9z12e.png
2026-08-08 14:55:40 | INFO     | app.services.classifier | Classified document as payslip (confidence=0.18)
2026-08-08 14:55:40 | INFO     | app.services.ocr_service | Running OCR on image: tmpjagorx2f.png
2026-08-08 14:55:41 | INFO     | app.services.workflow_service | Workflow OCR-only extraction for payslip: filled=0
2026-08-08 14:56:08 | INFO     | app.services.ocr_service | Running OCR on image: tmp73pifslu.png
2026-08-08 14:56:08 | WARNING  | app.services.classifier | Unable to classify document from OCR text
2026-08-08 14:56:08 | INFO     | app.services.ocr_service | Running OCR on image: tmpzhh7xs_n.png
2026-08-08 14:56:09 | INFO     | app.services.ocr_service | Running OCR on image: tmpxk6rtn1k.png
2026-08-08 14:56:09 | INFO     | app.services.classifier | Classified document as payslip (confidence=0.45)
2026-08-08 14:56:09 | INFO     | app.services.ocr_service | Running OCR on image: tmphgy_nfpe.png
2026-08-08 14:56:10 | INFO     | app.services.workflow_service | Workflow OCR-only extraction for payslip: filled=0
2026-08-08 14:56:10 | INFO     | app.services.ocr_service | Running OCR on image: tmpr0fpzair.png
2026-08-08 14:56:11 | INFO     | app.services.classifier | Classified document as cnic (confidence=0.10)
2026-08-08 14:56:11 | INFO     | app.services.ocr_service | Running OCR on image: tmpcnkhqt0p.png
2026-08-08 14:56:13 | INFO     | app.services.workflow_service | Workflow OCR-only extraction for cnic: filled=0
2026-08-08 14:56:13 | INFO     | app.services.ocr_service | Running OCR on image: tmp96_g5hxq.png
2026-08-08 14:56:13 | INFO     | app.services.ocr_service | Running OCR on image: tmpjqywazsk.png
2026-08-08 14:56:14 | INFO     | app.services.ocr_service | Running OCR on image: tmpmxhp6lgf.png
2026-08-08 14:56:14 | INFO     | app.services.classifier | Classified document as payslip (confidence=0.18)
2026-08-08 14:56:14 | INFO     | app.services.ocr_service | Running OCR on image: tmp5nhl0_2a.png
2026-08-08 14:56:15 | INFO     | app.services.workflow_service | Workflow OCR-only extraction for payslip: filled=0
2026-08-08 14:56:17 | INFO     | app.services.ocr_service | Running OCR on image: tmpova2kf9t.png
2026-08-08 14:56:17 | WARNING  | app.services.classifier | Unable to classify document from OCR text
2026-08-08 14:56:17 | INFO     | app.services.ocr_service | Running OCR on image: tmp_40tihgt.png
2026-08-08 14:56:18 | INFO     | app.services.ocr_service | Running OCR on image: tmp287tv0xk.png
2026-08-08 14:56:18 | INFO     | app.services.classifier | Classified document as payslip (confidence=0.45)
2026-08-08 14:56:18 | INFO     | app.services.ocr_service | Running OCR on image: tmpqfi5pggb.png
2026-08-08 14:56:19 | INFO     | app.services.workflow_service | Workflow OCR-only extraction for payslip: filled=0
2026-08-08 14:56:19 | INFO     | app.services.ocr_service | Running OCR on image: tmpr9i_hyyt.png
2026-08-08 14:56:20 | INFO     | app.services.classifier | Classified document as cnic (confidence=0.10)
2026-08-08 14:56:20 | INFO     | app.services.ocr_service | Running OCR on image: tmpa70c1fvn.png
2026-08-08 14:56:22 | INFO     | app.services.workflow_service | Workflow OCR-only extraction for cnic: filled=0
2026-08-08 14:56:22 | INFO     | app.services.ocr_service | Running OCR on image: tmpimp1wrwe.png
2026-08-08 14:56:22 | INFO     | app.services.ocr_service | Running OCR on image: tmps6bs27f9.png
2026-08-08 14:56:23 | INFO     | app.services.ocr_service | Running OCR on image: tmpmbfynbe8.png
2026-08-08 14:56:23 | INFO     | app.services.classifier | Classified document as payslip (confidence=0.18)
2026-08-08 14:56:23 | INFO     | app.services.ocr_service | Running OCR on image: tmpyp2bdcjv.png
2026-08-08 14:56:24 | INFO     | app.services.workflow_service | Workflow OCR-only extraction for payslip: filled=0
2026-08-08 14:56:24 | INFO     | app.services.ocr_service | Running OCR on image: tmpj2053qoz.png
2026-08-08 14:56:25 | WARNING  | app.services.classifier | Unable to classify document from OCR text
2026-08-08 14:56:25 | INFO     | app.services.ocr_service | Running OCR on image: tmp85930c19.png
2026-08-08 14:56:25 | INFO     | app.services.ocr_service | Running OCR on image: tmpgy7yctxi.png
2026-08-08 14:56:26 | INFO     | app.services.classifier | Classified document as payslip (confidence=0.45)
2026-08-08 14:56:26 | INFO     | app.services.ocr_service | Running OCR on image: tmpjr9ka6mj.png
2026-08-08 14:56:26 | INFO     | app.services.workflow_service | Workflow OCR-only extraction for payslip: filled=0
2026-08-08 14:56:26 | INFO     | app.services.ocr_service | Running OCR on image: tmpd2ptb5xl.png
2026-08-08 14:56:29 | INFO     | app.services.classifier | Classified document as cnic (confidence=0.10)
2026-08-08 14:56:29 | INFO     | app.services.ocr_service | Running OCR on image: tmpf4a7jtkp.png
2026-08-08 14:56:31 | INFO     | app.services.workflow_service | Workflow OCR-only extraction for cnic: filled=0
2026-08-08 14:56:31 | INFO     | app.services.ocr_service | Running OCR on image: tmpp2n7omj4.png
2026-08-08 14:56:31 | INFO     | app.services.ocr_service | Running OCR on image: tmph380md_j.png
2026-08-08 14:56:32 | INFO     | app.services.ocr_service | Running OCR on image: tmpqz4o04zn.png
2026-08-08 14:56:33 | INFO     | app.services.classifier | Classified document as payslip (confidence=0.18)
2026-08-08 14:56:33 | INFO     | app.services.ocr_service | Running OCR on image: tmptyyobcrs.png
2026-08-08 14:56:34 | INFO     | app.services.workflow_service | Workflow OCR-only extraction for payslip: filled=0
2026-08-08 14:58:30 | INFO     | app.db_migrate | Ensured branch_entries schema
2026-08-08 14:58:30 | INFO     | app.db_migrate | Ensured signature_records schema
2026-08-08 14:58:30 | INFO     | app.db_migrate | Ensured verifications schema
2026-08-08 14:58:30 | INFO     | app.db | Database initialized and seeded
2026-08-08 14:58:30 | INFO     | app.services.analysis_queue | Analysis queue worker started
2026-08-08 14:58:30 | INFO     | app.services.email_queue | Verification email queue started
2026-08-08 14:58:40 | INFO     | app.db_migrate | Ensured branch_entries schema
2026-08-08 14:58:40 | INFO     | app.db_migrate | Ensured signature_records schema
2026-08-08 14:58:40 | INFO     | app.db_migrate | Ensured verifications schema
2026-08-08 14:58:40 | INFO     | app.db | Database initialized and seeded
2026-08-08 14:58:40 | INFO     | app.services.analysis_queue | Analysis queue worker started
2026-08-08 14:58:40 | INFO     | app.services.email_queue | Verification email queue started
2026-08-08 15:27:54 | INFO     | app.db_migrate | Ensured branch_entries schema
2026-08-08 15:27:54 | INFO     | app.db_migrate | Ensured signature_records schema
2026-08-08 15:27:54 | INFO     | app.db_migrate | Ensured verifications schema
2026-08-08 15:27:54 | INFO     | app.db | Database initialized and seeded
2026-08-08 15:27:54 | INFO     | app.services.analysis_queue | Analysis queue worker started
2026-08-08 15:27:54 | INFO     | app.services.email_queue | Verification email queue started
2026-08-08 15:36:12 | INFO     | app.db_migrate | Ensured branch_entries schema
2026-08-08 15:36:12 | INFO     | app.db_migrate | Ensured signature_records schema
2026-08-08 15:36:12 | INFO     | app.db_migrate | Ensured verifications schema
2026-08-08 15:36:12 | INFO     | app.db | Database initialized and seeded
2026-08-08 15:36:12 | INFO     | app.services.analysis_queue | Analysis queue worker started
2026-08-08 15:36:12 | INFO     | app.services.email_queue | Verification email queue started
2026-08-08 15:36:38 | INFO     | app.db_migrate | Ensured branch_entries schema
2026-08-08 15:36:38 | INFO     | app.db_migrate | Ensured signature_records schema
2026-08-08 15:36:38 | INFO     | app.db_migrate | Ensured verifications schema
2026-08-08 15:36:39 | INFO     | app.db | Database initialized and seeded
2026-08-08 15:36:39 | INFO     | app.services.analysis_queue | Analysis queue worker started
2026-08-08 15:36:39 | INFO     | app.services.email_queue | Verification email queue started
2026-08-08 15:53:08 | INFO     | app.db_migrate | Ensured branch_entries schema
2026-08-08 15:53:08 | INFO     | app.db_migrate | Ensured signature_records schema
2026-08-08 15:53:08 | INFO     | app.db_migrate | Ensured verifications schema
2026-08-08 15:53:08 | INFO     | app.db | Database initialized and seeded
2026-08-08 15:53:08 | INFO     | app.services.analysis_queue | Analysis queue worker started
2026-08-08 15:53:08 | INFO     | app.services.email_queue | Verification email queue started
2026-08-08 15:58:10 | INFO     | app.db_migrate | Ensured branch_entries schema
2026-08-08 15:58:10 | INFO     | app.db_migrate | Ensured signature_records schema
2026-08-08 15:58:10 | INFO     | app.db_migrate | Ensured verifications schema
2026-08-08 15:58:10 | INFO     | app.db | Database initialized and seeded
2026-08-08 15:58:10 | INFO     | app.services.analysis_queue | Analysis queue worker started
2026-08-08 15:58:10 | INFO     | app.services.email_queue | Verification email queue started
2026-08-08 15:59:06 | INFO     | app.services.ocr_service | Running OCR on image: tmpu57amu4j.png
2026-08-08 15:59:06 | WARNING  | app.services.classifier | Unable to classify document from OCR text
2026-08-08 15:59:06 | INFO     | app.services.ocr_service | Running OCR on image: tmpxm_9hty2.png
2026-08-08 15:59:07 | INFO     | app.services.ocr_service | Running OCR on image: tmp7gtfsi41.png
2026-08-08 15:59:07 | INFO     | app.services.classifier | Classified document as payslip (confidence=0.45)
2026-08-08 15:59:07 | INFO     | app.services.ocr_service | Running OCR on image: tmp58oz33zk.png
2026-08-08 15:59:08 | INFO     | app.services.workflow_service | Workflow OCR-only extraction for payslip: filled=0
2026-08-08 15:59:08 | INFO     | app.services.ocr_service | Running OCR on image: tmpekunguug.png
2026-08-08 15:59:10 | INFO     | app.services.classifier | Classified document as cnic (confidence=0.10)
2026-08-08 15:59:10 | INFO     | app.services.ocr_service | Running OCR on image: tmpuv1dvup5.png
2026-08-08 15:59:11 | INFO     | app.services.workflow_service | Workflow OCR-only extraction for cnic: filled=0
2026-08-08 15:59:11 | INFO     | app.services.ocr_service | Running OCR on image: tmp0zb_vpok.png
2026-08-08 15:59:12 | INFO     | app.services.ocr_service | Running OCR on image: tmpabkk0ja7.png
2026-08-08 15:59:12 | INFO     | app.services.ocr_service | Running OCR on image: tmp5qms_5y5.png
2026-08-08 15:59:13 | INFO     | app.services.classifier | Classified document as payslip (confidence=0.18)
2026-08-08 15:59:13 | INFO     | app.services.ocr_service | Running OCR on image: tmpk4z96je3.png
2026-08-08 15:59:14 | INFO     | app.services.workflow_service | Workflow OCR-only extraction for payslip: filled=0
2026-08-08 15:59:24 | INFO     | app.services.ocr_service | Running OCR on image: tmp8q95rghx.png
2026-08-08 15:59:25 | WARNING  | app.services.classifier | Unable to classify document from OCR text
2026-08-08 15:59:25 | INFO     | app.services.ocr_service | Running OCR on image: tmp6_6zpwhj.png
2026-08-08 15:59:25 | INFO     | app.services.ocr_service | Running OCR on image: tmp0obn82vg.png
2026-08-08 15:59:26 | INFO     | app.services.classifier | Classified document as payslip (confidence=0.45)
2026-08-08 15:59:26 | INFO     | app.services.ocr_service | Running OCR on image: tmpx3hmlhpn.png
2026-08-08 15:59:26 | INFO     | app.services.workflow_service | Workflow OCR-only extraction for payslip: filled=0
2026-08-08 15:59:26 | INFO     | app.services.ocr_service | Running OCR on image: tmpai3wrzzr.png
2026-08-08 15:59:28 | INFO     | app.services.classifier | Classified document as cnic (confidence=0.10)
2026-08-08 15:59:28 | INFO     | app.services.ocr_service | Running OCR on image: tmpqfhsqrhg.png
2026-08-08 15:59:31 | INFO     | app.services.workflow_service | Workflow OCR-only extraction for cnic: filled=0
2026-08-08 15:59:31 | INFO     | app.services.ocr_service | Running OCR on image: tmpvve2hyck.png
2026-08-08 15:59:31 | INFO     | app.services.ocr_service | Running OCR on image: tmp3v3tnt32.png
2026-08-08 15:59:32 | INFO     | app.services.ocr_service | Running OCR on image: tmp8cnejyjh.png
2026-08-08 15:59:33 | INFO     | app.services.classifier | Classified document as payslip (confidence=0.18)
2026-08-08 15:59:33 | INFO     | app.services.ocr_service | Running OCR on image: tmpd55ivze5.png
2026-08-08 15:59:34 | INFO     | app.services.workflow_service | Workflow OCR-only extraction for payslip: filled=0
2026-08-08 15:59:36 | INFO     | app.services.ocr_service | Running OCR on image: tmp02biex53.png
2026-08-08 15:59:36 | WARNING  | app.services.classifier | Unable to classify document from OCR text
2026-08-08 15:59:36 | INFO     | app.services.ocr_service | Running OCR on image: tmprujb3bvr.png
2026-08-08 15:59:37 | INFO     | app.services.ocr_service | Running OCR on image: tmpa28l4ool.png
2026-08-08 15:59:38 | INFO     | app.services.classifier | Classified document as payslip (confidence=0.45)
2026-08-08 15:59:38 | INFO     | app.services.ocr_service | Running OCR on image: tmpxg5g9lm6.png
2026-08-08 15:59:38 | INFO     | app.services.workflow_service | Workflow OCR-only extraction for payslip: filled=0
2026-08-08 15:59:38 | INFO     | app.services.ocr_service | Running OCR on image: tmpl9aiumd5.png
2026-08-08 15:59:41 | INFO     | app.services.classifier | Classified document as cnic (confidence=0.10)
2026-08-08 15:59:41 | INFO     | app.services.ocr_service | Running OCR on image: tmp5a7puguq.png
2026-08-08 15:59:44 | INFO     | app.services.workflow_service | Workflow OCR-only extraction for cnic: filled=0
2026-08-08 15:59:44 | INFO     | app.services.ocr_service | Running OCR on image: tmpn5wouy_r.png
2026-08-08 15:59:44 | INFO     | app.services.ocr_service | Running OCR on image: tmpia73r2gq.png
2026-08-08 15:59:45 | INFO     | app.services.ocr_service | Running OCR on image: tmp8dn73rij.png
2026-08-08 15:59:46 | INFO     | app.services.classifier | Classified document as payslip (confidence=0.18)
2026-08-08 15:59:46 | INFO     | app.services.ocr_service | Running OCR on image: tmpdsaw0nyd.png
2026-08-08 15:59:47 | INFO     | app.services.workflow_service | Workflow OCR-only extraction for payslip: filled=0
2026-08-08 16:02:25 | INFO     | app.document_detection.strategies.llm_gate | Document gate LLM: is_document=True detected=cnic doc_conf=100.0 type_conf=100.0
2026-08-08 16:02:39 | INFO     | app.document_detection.strategies.llm_gate | Document gate LLM: is_document=True detected=cnic doc_conf=100.0 type_conf=100.0
2026-08-08 16:02:56 | INFO     | app.ocr_pipeline.document_extract | LLM cnic vision extraction complete (gemini_vision): filled=8
2026-08-08 16:08:20 | INFO     | app.db_migrate | Ensured branch_entries schema
2026-08-08 16:08:20 | INFO     | app.db_migrate | Ensured signature_records schema
2026-08-08 16:08:20 | INFO     | app.db_migrate | Ensured verifications schema
2026-08-08 16:08:20 | INFO     | app.db | Database initialized and seeded
2026-08-08 16:08:20 | INFO     | app.services.analysis_queue | Analysis queue worker started
2026-08-08 16:08:20 | INFO     | app.services.email_queue | Verification email queue started
2026-08-08 16:15:39 | INFO     | app.db_migrate | Ensured branch_entries schema
2026-08-08 16:15:39 | INFO     | app.db_migrate | Ensured signature_records schema
2026-08-08 16:15:39 | INFO     | app.db_migrate | Ensured verifications schema
2026-08-08 16:15:40 | INFO     | app.db | Database initialized and seeded
2026-08-08 16:15:40 | INFO     | app.services.analysis_queue | Analysis queue worker started
2026-08-08 16:15:40 | INFO     | app.services.email_queue | Verification email queue started
2026-08-08 16:15:54 | INFO     | app.services.ocr_service | Running OCR on image: tmpk_ahxsjt.png
2026-08-08 16:15:55 | WARNING  | app.services.classifier | Unable to classify document from OCR text
2026-08-08 16:15:55 | INFO     | app.services.ocr_service | Running OCR on image: tmpsfz_6ku8.png
2026-08-08 16:15:56 | INFO     | app.services.ocr_service | Running OCR on image: tmprbszao3g.png
2026-08-08 16:15:56 | INFO     | app.services.classifier | Classified document as payslip (confidence=0.45)
2026-08-08 16:15:56 | INFO     | app.services.ocr_service | Running OCR on image: tmpc3o77mjw.png
2026-08-08 16:15:57 | INFO     | app.services.gemini_service | Gemini vision extraction attempt 1/3 for payslip
2026-08-08 16:16:37 | INFO     | app.services.ocr_service | Running OCR on image: tmpz4sibiud.png
2026-08-08 16:16:39 | INFO     | app.services.classifier | Classified document as cnic (confidence=0.10)
2026-08-08 16:16:39 | INFO     | app.services.ocr_service | Running OCR on image: tmpj_s12brt.png
2026-08-08 16:16:41 | INFO     | app.services.gemini_service | Gemini vision extraction attempt 1/3 for cnic
2026-08-08 16:18:05 | WARNING  | app.services.gemini_service | Gemini vision extraction attempt 1 failed: Invalid JSON from LLM: Extra data: line 10 column 2 (char 245). Cleaned string: '{
    "name": "Syed Huzair Aslam",
    "father_name": "Syed Aslam Manzoor",
    "gender": null,
    "country_to_stay": "Pakistan",
    "cnic_number": "42101-0101012-8",
    "date_of_birth": null,
    "issue_date": null,
    "expiry_date": null
}{"name": "Syed Huzair Aslam", "father_name": "Syed Asla'
2026-08-08 16:18:05 | INFO     | app.services.gemini_service | Gemini vision extraction attempt 2/3 for cnic
2026-08-08 16:20:05 | WARNING  | app.services.gemini_service | Gemini vision extraction attempt 2 failed: Failed to reach Gemini at https://generativelanguage.googleapis.com/v1beta/models/gemma-4-31b-it:generateContent: HTTPSConnectionPool(host='generativelanguage.googleapis.com', port=443): Read timed out. (read timeout=120)
2026-08-08 16:20:05 | INFO     | app.services.gemini_service | Gemini vision extraction attempt 3/3 for cnic
2026-08-08 16:22:06 | WARNING  | app.services.gemini_service | Gemini vision extraction attempt 3 failed: Failed to reach Gemini at https://generativelanguage.googleapis.com/v1beta/models/gemma-4-31b-it:generateContent: HTTPSConnectionPool(host='generativelanguage.googleapis.com', port=443): Read timed out. (read timeout=120)
2026-08-08 16:22:06 | ERROR    | app.services.extraction_service | Extraction failed for C:\Users\syedh\AppData\Local\Temp\tmpj_s12brt.png
Traceback (most recent call last):
  File "E:\Document_Scan\app\services\extraction_service.py", line 104, in process
    validated = self.llm_service.extract_structured_from_image(
                ^^^^^^^^^^^^^^^^^^^^^^^^^^^^^^^^^^^^^^^^^^^^^^^
  File "E:\Document_Scan\app\services\gemini_service.py", line 196, in extract_structured_from_image
    raise RuntimeError(
RuntimeError: Gemini vision extraction failed after 3 attempts for cnic: Failed to reach Gemini at https://generativelanguage.googleapis.com/v1beta/models/gemma-4-31b-it:generateContent: HTTPSConnectionPool(host='generativelanguage.googleapis.com', port=443): Read timed out. (read timeout=120)
2026-08-08 16:22:06 | WARNING  | app.services.workflow_service | Workflow LLM extraction failed for page 3 (cnic): Gemini vision extraction failed after 3 attempts for cnic: Failed to reach Gemini at https://generativelanguage.googleapis.com/v1beta/models/gemma-4-31b-it:generateContent: HTTPSConnectionPool(host='generativelanguage.googleapis.com', port=443): Read timed out. (read timeout=120)
2026-08-08 16:22:06 | INFO     | app.services.ocr_service | Running OCR on image: tmp4_h5_a0f.png
2026-08-08 16:22:07 | INFO     | app.services.workflow_service | Workflow OCR-only extraction for cnic: filled=0
2026-08-08 16:22:07 | INFO     | app.services.ocr_service | Running OCR on image: tmpb94thm81.png
2026-08-08 16:22:07 | INFO     | app.services.ocr_service | Running OCR on image: tmpq4ouwgtn.png
2026-08-08 16:22:08 | INFO     | app.services.ocr_service | Running OCR on image: tmpkkuv8u9d.png
2026-08-08 16:22:08 | INFO     | app.services.classifier | Classified document as payslip (confidence=0.18)
2026-08-08 16:22:08 | INFO     | app.services.ocr_service | Running OCR on image: tmpy56o2v4x.png
2026-08-08 16:22:09 | INFO     | app.services.gemini_service | Gemini vision extraction attempt 1/3 for payslip
2026-08-08 16:24:01 | INFO     | app.services.ocr_service | Running OCR on image: tmp_zholjn1.png
2026-08-08 16:24:02 | WARNING  | app.services.classifier | Unable to classify document from OCR text
2026-08-08 16:24:02 | INFO     | app.services.ocr_service | Running OCR on image: tmp6znec2gk.png
2026-08-08 16:24:03 | INFO     | app.services.ocr_service | Running OCR on image: tmpwxc38qcg.png
2026-08-08 16:24:03 | INFO     | app.services.classifier | Classified document as payslip (confidence=0.45)
2026-08-08 16:24:03 | INFO     | app.services.ocr_service | Running OCR on image: tmpmmt6226f.png
2026-08-08 16:24:04 | INFO     | app.services.gemini_service | Gemini vision extraction attempt 1/3 for payslip
2026-08-08 16:24:43 | INFO     | app.services.ocr_service | Running OCR on image: tmp2w_n28bp.png
2026-08-08 16:24:46 | INFO     | app.services.classifier | Classified document as cnic (confidence=0.10)
2026-08-08 16:24:46 | INFO     | app.services.ocr_service | Running OCR on image: tmpllt4j7sg.png
2026-08-08 16:24:48 | INFO     | app.services.gemini_service | Gemini vision extraction attempt 1/3 for cnic
2026-08-08 16:26:10 | WARNING  | app.services.gemini_service | Gemini vision extraction attempt 1 failed: Invalid JSON from LLM: Extra data: line 10 column 2 (char 245). Cleaned string: '{
    "name": "Syed Huzair Aslam",
    "father_name": "Syed Aslam Manzoor",
    "gender": null,
    "country_to_stay": "Pakistan",
    "cnic_number": "42101-0101012-8",
    "date_of_birth": null,
    "issue_date": null,
    "expiry_date": null
}{"name": "Syed Huzair Aslam", "father_name": "Syed Asla'
2026-08-08 16:26:10 | INFO     | app.services.gemini_service | Gemini vision extraction attempt 2/3 for cnic
2026-08-08 16:28:11 | WARNING  | app.services.gemini_service | Gemini vision extraction attempt 2 failed: Failed to reach Gemini at https://generativelanguage.googleapis.com/v1beta/models/gemma-4-31b-it:generateContent: HTTPSConnectionPool(host='generativelanguage.googleapis.com', port=443): Read timed out. (read timeout=120)
2026-08-08 16:28:11 | INFO     | app.services.gemini_service | Gemini vision extraction attempt 3/3 for cnic
2026-08-08 16:31:54 | INFO     | app.db_migrate | Ensured branch_entries schema
2026-08-08 16:31:54 | INFO     | app.db_migrate | Ensured signature_records schema
2026-08-08 16:31:54 | INFO     | app.db_migrate | Ensured verifications schema
2026-08-08 16:31:54 | INFO     | app.db | Database initialized and seeded
2026-08-08 16:31:54 | INFO     | app.services.analysis_queue | Analysis queue worker started
2026-08-08 16:31:54 | INFO     | app.services.email_queue | Verification email queue started
2026-08-08 16:32:21 | INFO     | app.db_migrate | Ensured branch_entries schema
2026-08-08 16:32:21 | INFO     | app.db_migrate | Ensured signature_records schema
2026-08-08 16:32:21 | INFO     | app.db_migrate | Ensured verifications schema
2026-08-08 16:32:21 | INFO     | app.db | Database initialized and seeded
2026-08-08 16:32:21 | INFO     | app.services.analysis_queue | Analysis queue worker started
2026-08-08 16:32:21 | INFO     | app.services.email_queue | Verification email queue started
2026-08-08 16:32:28 | INFO     | app.db_migrate | Ensured branch_entries schema
2026-08-08 16:32:28 | INFO     | app.db_migrate | Ensured signature_records schema
2026-08-08 16:32:28 | INFO     | app.db_migrate | Ensured verifications schema
2026-08-08 16:32:28 | INFO     | app.db | Database initialized and seeded
2026-08-08 16:32:28 | INFO     | app.services.analysis_queue | Analysis queue worker started
2026-08-08 16:32:28 | INFO     | app.services.email_queue | Verification email queue started
2026-08-08 16:39:04 | INFO     | app.db_migrate | Ensured branch_entries schema
2026-08-08 16:39:04 | INFO     | app.db_migrate | Ensured signature_records schema
2026-08-08 16:39:04 | INFO     | app.db_migrate | Ensured verifications schema
2026-08-08 16:39:04 | INFO     | app.db | Database initialized and seeded
2026-08-08 16:39:04 | INFO     | app.services.analysis_queue | Analysis queue worker started
2026-08-08 16:39:04 | INFO     | app.services.email_queue | Verification email queue started
2026-08-08 16:39:21 | INFO     | app.services.ocr_service | Running OCR on image: tmpg1emn8wq.png
2026-08-08 16:39:22 | WARNING  | app.services.classifier | Unable to classify document from OCR text
2026-08-08 16:39:22 | INFO     | app.services.ocr_service | Running OCR on image: tmpjmgpwa42.png
2026-08-08 16:39:22 | INFO     | app.services.classifier | Classified document as payslip (confidence=0.45)
2026-08-08 16:39:22 | INFO     | app.services.ocr_service | Running OCR on image: tmpfm8adzvt.png
2026-08-08 16:39:24 | INFO     | app.services.classifier | Classified document as cnic (confidence=0.10)
2026-08-08 16:39:24 | INFO     | app.services.ocr_service | Running OCR on image: tmpnjmrs6kc.png
2026-08-08 16:39:24 | INFO     | app.services.ocr_service | Running OCR on image: tmpk4wr_q_8.png
2026-08-08 16:39:25 | INFO     | app.services.classifier | Classified document as payslip (confidence=0.18)
2026-08-08 16:39:33 | INFO     | app.services.ocr_service | Running OCR on image: tmpqwort9pr.png
2026-08-08 16:39:34 | WARNING  | app.services.classifier | Unable to classify document from OCR text
2026-08-08 16:39:34 | INFO     | app.services.ocr_service | Running OCR on image: tmplgat2wh8.png
2026-08-08 16:39:35 | INFO     | app.services.classifier | Classified document as payslip (confidence=0.45)
2026-08-08 16:39:35 | INFO     | app.services.ocr_service | Running OCR on image: tmp_3a5l7rw.png
2026-08-08 16:39:37 | INFO     | app.services.classifier | Classified document as cnic (confidence=0.10)
2026-08-08 16:39:37 | INFO     | app.services.ocr_service | Running OCR on image: tmp7nn84nuv.png
2026-08-08 16:39:37 | INFO     | app.services.ocr_service | Running OCR on image: tmphdz2ku1g.png
2026-08-08 16:39:38 | INFO     | app.services.classifier | Classified document as payslip (confidence=0.18)
2026-08-08 16:39:40 | INFO     | app.services.ocr_service | Running OCR on image: tmpijox1mus.png
2026-08-08 16:39:41 | WARNING  | app.services.classifier | Unable to classify document from OCR text
2026-08-08 16:39:41 | INFO     | app.services.ocr_service | Running OCR on image: tmpbjj2e8ny.png
2026-08-08 16:39:41 | INFO     | app.services.classifier | Classified document as payslip (confidence=0.45)
2026-08-08 16:39:41 | INFO     | app.services.ocr_service | Running OCR on image: tmpiyyqaxsu.png
2026-08-08 16:39:43 | INFO     | app.services.classifier | Classified document as cnic (confidence=0.10)
2026-08-08 16:39:43 | INFO     | app.services.ocr_service | Running OCR on image: tmpbgmttvp3.png
2026-08-08 16:39:44 | INFO     | app.services.ocr_service | Running OCR on image: tmprt8pdlhs.png
2026-08-08 16:39:45 | INFO     | app.services.classifier | Classified document as payslip (confidence=0.18)
2026-08-08 17:38:31 | INFO     | app.db_migrate | Ensured branch_entries schema
2026-08-08 17:38:31 | INFO     | app.db_migrate | Ensured signature_records schema
2026-08-08 17:38:31 | INFO     | app.db_migrate | Ensured verifications schema
2026-08-08 17:38:32 | INFO     | app.db | Database initialized and seeded
2026-08-08 17:38:32 | INFO     | app.services.analysis_queue | Analysis queue worker started
2026-08-08 17:38:32 | INFO     | app.services.email_queue | Verification email queue started
2026-08-08 19:34:09 | INFO     | app.db_migrate | Ensured branch_entries schema
2026-08-08 19:34:09 | INFO     | app.db_migrate | Ensured signature_records schema
2026-08-08 19:34:09 | INFO     | app.db_migrate | Ensured verifications schema
2026-08-08 19:34:09 | INFO     | app.db | Database initialized and seeded
2026-08-08 19:34:09 | INFO     | app.services.analysis_queue | Analysis queue worker started
2026-08-08 19:34:09 | INFO     | app.services.email_queue | Verification email queue started
2026-08-08 19:38:45 | INFO     | app.services.ocr_service | Running OCR on image: tmpug8e_qd9.png
2026-08-08 19:38:46 | WARNING  | app.services.classifier | Unable to classify document from OCR text
2026-08-08 19:38:46 | INFO     | app.services.ocr_service | Running OCR on image: tmp9hemdz07.png
2026-08-08 19:38:47 | INFO     | app.services.classifier | Classified document as payslip (confidence=0.45)
2026-08-08 19:38:47 | INFO     | app.services.ocr_service | Running OCR on image: tmp17sc_7n8.png
2026-08-08 19:38:50 | INFO     | app.services.classifier | Classified document as cnic (confidence=0.10)
2026-08-08 19:38:50 | INFO     | app.services.ocr_service | Running OCR on image: tmpvf_9lzre.png
2026-08-08 19:38:50 | INFO     | app.services.ocr_service | Running OCR on image: tmpaxfnbw22.png
2026-08-08 19:38:51 | INFO     | app.services.classifier | Classified document as payslip (confidence=0.18)
